#
# A fatal error has been detected by the Java Runtime Environment:
#
#  Internal Error (upcallLinker.cpp:77), pid=4236, tid=4237
#  guarantee(thread->thread_state() == _thread_in_native) failed: wrong thread state for upcall
#
# JRE version: OpenJDK Runtime Environment Microsoft-14951822 (25.0.4.1+1) (build 25.0.4.1+1-LTS)
# Java VM: OpenJDK 64-Bit Server VM Microsoft-14951822 (25.0.4.1+1-LTS, mixed mode, sharing, tiered, compressed oops, compressed class ptrs, g1 gc, linux-amd64)
# Problematic frame:
# V  [libjvm.so+0x1159968]  UpcallLinker::on_entry(UpcallStub::FrameData*)+0x1a8
#
# Core dump will be written. Default location: Determined by the following: "/usr/share/apport/apport -p%p -s%s -c%c -d%d -P%P -u%u -g%g -F%F -- %E" (alternatively, falling back to /workspaces/craftmine/velocity/core.4236)
#
# If you would like to submit a bug report, please visit:
#   https://github.com/microsoft/openjdk/issues
#

---------------  S U M M A R Y ------------

Command Line: velocity.jar

Host: AMD EPYC 7763 64-Core Processor, 4 cores, 15G, Ubuntu 24.04.4 LTS
Time: Thu Sep 17 02:16:19 2026 UTC elapsed time: 65.315854 seconds (0d 0h 1m 5s)

---------------  T H R E A D  ---------------

Current thread (0x000076d8c0029ff0):  JavaThread "main"             [_thread_blocked, id=4237, stack(0x000076d8c51d3000,0x000076d8c52d3000) (1024K)]

Stack: [0x000076d8c51d3000,0x000076d8c52d3000],  sp=0x000076d8c52d0860,  free space=1014k
Native frames: (J=compiled Java code, j=interpreted, Vv=VM code, C=native code)
V  [libjvm.so+0x1159968]  UpcallLinker::on_entry(UpcallStub::FrameData*)+0x1a8  (upcallLinker.cpp:77)
v  ~UpcallStub::upcall_stub 0x000076d8afb64a35
C  [libc.so.6+0x45330]
C  [libc.so.6+0x9bd6e]  pthread_cond_timedwait+0x23e
V  [libjvm.so+0xe3ce8f]  PlatformEvent::park_nanos(long)+0xff
V  [libjvm.so+0xe07fcd]  ObjectMonitor::wait(long, bool, JavaThread*)+0xd3d
V  [libjvm.so+0x10c8a69]  ObjectSynchronizer::wait(Handle, long, JavaThread*)+0x89
V  [libjvm.so+0xaef24e]  JVM_MonitorWait+0x7e
J 1747  java.lang.Object.wait0(J)V java.base@25.0.4.1 (0 bytes) @ 0x000076d8b0037aef [0x000076d8b0037a80+0x000000000000006f]
J 9975 c2 java.lang.Object.wait(J)V java.base@25.0.4.1 (59 bytes) @ 0x000076d8b03b504c [0x000076d8b03b5000+0x000000000000004c]
J 10002 c1 org.jline.utils.NonBlockingInputStreamImpl.read(JZ)I (315 bytes) @ 0x000076d8a912c234 [0x000076d8a912b500+0x0000000000000d34]
J 9966 c1 org.jline.utils.NonBlocking$NonBlockingInputStreamReader.read(JZ)I (205 bytes) @ 0x000076d8a9120274 [0x000076d8a911fd80+0x00000000000004f4]
J 9965 c1 org.jline.utils.NonBlockingReader.read(J)I (7 bytes) @ 0x000076d8a9121894 [0x000076d8a9121800+0x0000000000000094]
j  org.jline.keymap.BindingReader.readCharacter()I+46
j  org.jline.keymap.BindingReader.readBinding(Lorg/jline/keymap/KeyMap;Lorg/jline/keymap/KeyMap;Z)Ljava/lang/Object;+279
j  org.jline.keymap.BindingReader.readBinding(Lorg/jline/keymap/KeyMap;Lorg/jline/keymap/KeyMap;)Ljava/lang/Object;+4
j  org.jline.reader.impl.LineReaderImpl.doReadBinding(Lorg/jline/keymap/KeyMap;Lorg/jline/keymap/KeyMap;)Ljava/lang/Object;+54
j  org.jline.reader.impl.LineReaderImpl.readBinding(Lorg/jline/keymap/KeyMap;Lorg/jline/keymap/KeyMap;)Lorg/jline/reader/Binding;+3
j  org.jline.reader.impl.LineReaderImpl.readLine(Ljava/lang/String;Ljava/lang/String;Lorg/jline/reader/MaskingCallback;Ljava/lang/String;)Ljava/lang/String;+808
j  org.jline.reader.impl.LineReaderImpl.readLine(Ljava/lang/String;)Ljava/lang/String;+8
j  net.minecrell.terminalconsole.SimpleTerminalConsole.readCommands(Lorg/jline/terminal/Terminal;)V+26
j  net.minecrell.terminalconsole.SimpleTerminalConsole.start()V+10
j  com.velocitypowered.proxy.Velocity.main([Ljava/lang/String;)V+105
v  ~StubRoutines::call_stub 0x000076d8afa20fa6
V  [libjvm.so+0xa00db0]  JavaCalls::call_helper(JavaValue*, methodHandle const&, JavaCallArguments*, JavaThread*)+0x2b0
V  [libjvm.so+0xac0341]  jni_invoke_static(JNIEnv_*, JavaValue*, _jobject*, JNICallType, _jmethodID*, JNI_ArgumentPusher*, JavaThread*) [clone .constprop.1]+0x391
V  [libjvm.so+0xac3231]  jni_CallStaticVoidMethod+0x161
C  [libjli.so+0x394c]  invokeStaticMainWithArgs+0x4c
C  [libjli.so+0x4a15]  JavaMain+0xee5
C  [libjli.so+0x7b69]  ThreadJavaMain+0x9
C  [libc.so.6+0x9cb84]
Java frames: (J=compiled Java code, j=interpreted, Vv=VM code)
J 1747  java.lang.Object.wait0(J)V java.base@25.0.4.1 (0 bytes) @ 0x000076d8b0037b5d [0x000076d8b0037a80+0x00000000000000dd]
J 9975 c2 java.lang.Object.wait(J)V java.base@25.0.4.1 (59 bytes) @ 0x000076d8b03b504c [0x000076d8b03b5000+0x000000000000004c]
J 10002 c1 org.jline.utils.NonBlockingInputStreamImpl.read(JZ)I (315 bytes) @ 0x000076d8a912c234 [0x000076d8a912b500+0x0000000000000d34]
J 9966 c1 org.jline.utils.NonBlocking$NonBlockingInputStreamReader.read(JZ)I (205 bytes) @ 0x000076d8a9120274 [0x000076d8a911fd80+0x00000000000004f4]
J 9965 c1 org.jline.utils.NonBlockingReader.read(J)I (7 bytes) @ 0x000076d8a9121894 [0x000076d8a9121800+0x0000000000000094]
j  org.jline.keymap.BindingReader.readCharacter()I+46
j  org.jline.keymap.BindingReader.readBinding(Lorg/jline/keymap/KeyMap;Lorg/jline/keymap/KeyMap;Z)Ljava/lang/Object;+279
j  org.jline.keymap.BindingReader.readBinding(Lorg/jline/keymap/KeyMap;Lorg/jline/keymap/KeyMap;)Ljava/lang/Object;+4
j  org.jline.reader.impl.LineReaderImpl.doReadBinding(Lorg/jline/keymap/KeyMap;Lorg/jline/keymap/KeyMap;)Ljava/lang/Object;+54
j  org.jline.reader.impl.LineReaderImpl.readBinding(Lorg/jline/keymap/KeyMap;Lorg/jline/keymap/KeyMap;)Lorg/jline/reader/Binding;+3
j  org.jline.reader.impl.LineReaderImpl.readLine(Ljava/lang/String;Ljava/lang/String;Lorg/jline/reader/MaskingCallback;Ljava/lang/String;)Ljava/lang/String;+808
j  org.jline.reader.impl.LineReaderImpl.readLine(Ljava/lang/String;)Ljava/lang/String;+8
j  net.minecrell.terminalconsole.SimpleTerminalConsole.readCommands(Lorg/jline/terminal/Terminal;)V+26
j  net.minecrell.terminalconsole.SimpleTerminalConsole.start()V+10
j  com.velocitypowered.proxy.Velocity.main([Ljava/lang/String;)V+105
v  ~StubRoutines::call_stub 0x000076d8afa20fa6
Registers:
RAX=0x000076d8c6d4d000, RBX=0x000076d8c52d08b8, RCX=0x000076d8c6672ccf, RDX=0x000076d8c66df098
RSP=0x000076d8c52d0860, RBP=0x000076d8c52d0870, RSI=0x000000000000004d, RDI=0x000076d8c66df068
R8 =0x0000000000000000, R9 =0x00000000ffffffff, R10=0x000076d8c52d0fc0, R11=0x0000000000000246
R12=0x000076d8c0029ff0, R13=0x0000000000000000, R14=0x000076d8c002be28, R15=0x000076d8c002be78
RIP=0x000076d8c651a968, EFLAGS=0x0000000000010206, CSGSFS=0x002b000000000033, ERR=0x0000000000000006
  TRAPNO=0x000000000000000e

XMM[0]=0x0000000000000000 0x0000000000000000
XMM[1]=0x0000000000000000 0x0000000000000000
XMM[2]=0x0000000000000000 0x0000000000000000
XMM[3]=0x0000000000000000 0x0000000000000000
XMM[4]=0x0000000000000000 0x0000000000000000
XMM[5]=0x0000000000000000 0x0000000000000000
XMM[6]=0x0000000000000000 0x0000000000000000
XMM[7]=0x0000000000000000 0x0000000000000000
XMM[8]=0x0000000000000000 0x0000000000000000
XMM[9]=0x0000000000000000 0x0000000000000000
XMM[10]=0x0000000000000000 0x0000000000000000
XMM[11]=0x0000000000000000 0x0000000000000000
XMM[12]=0x0000000000000000 0x0000000000000000
XMM[13]=0x0000000000000000 0x0000000000000000
XMM[14]=0x0000000000000000 0x0000000000000000
XMM[15]=0x0000000000000000 0x0000000000000000
  MXCSR=0x00001f80


Register to memory mapping:

RAX=0x000076d8c6d4d000 points into unknown readable memory: 0x0000000000000058 | 58 00 00 00 00 00 00 00
RBX=0x000076d8c52d08b8 is pointing into the stack for thread: 0x000076d8c0029ff0
RCX=0x000076d8c6672ccf: <offset 0x00000000012b1ccf> in /usr/local/sdkman/candidates/java/25.0.4+1-ms/lib/server/libjvm.so at 0x000076d8c53c1000
RDX=0x000076d8c66df098: <offset 0x000000000131e098> in /usr/local/sdkman/candidates/java/25.0.4+1-ms/lib/server/libjvm.so at 0x000076d8c53c1000
RSP=0x000076d8c52d0860 is pointing into the stack for thread: 0x000076d8c0029ff0
RBP=0x000076d8c52d0870 is pointing into the stack for thread: 0x000076d8c0029ff0
RSI=0x000000000000004d is an unknown value
RDI=0x000076d8c66df068: <offset 0x000000000131e068> in /usr/local/sdkman/candidates/java/25.0.4+1-ms/lib/server/libjvm.so at 0x000076d8c53c1000
R8 =0x0 is null
R9 =0x00000000ffffffff is an unknown value
R10=0x000076d8c52d0fc0 is pointing into the stack for thread: 0x000076d8c0029ff0
R11=0x0000000000000246 is an unknown value
R12=0x000076d8c0029ff0 is a thread
R13=0x0 is null
R14=0x000076d8c002be28 points into unknown readable memory: 0x0000000000000000 | 00 00 00 00 00 00 00 00
R15=0x000076d8c002be78 points into unknown readable memory: 0x0000000000000000 | 00 00 00 00 00 00 00 00

Top of Stack: (sp=0x000076d8c52d0860)
0x000076d8c52d0860:   000076d8c002be50 0000000000000000   P....v..........
0x000076d8c52d0870:   000076d8c52d08f0 000076d8afb64a35   ..-..v..5J...v..
0x000076d8c52d0880:   000000000000001c 000076d8c002be50   ........P....v..
0x000076d8c52d0890:   0000000000000000 0000000000000000   ................
0x000076d8c52d08a0:   000076d8c002be28 000076d8c002be78   (....v..x....v..
0x000076d8c52d08b0:   0000000000001f80 0000000000000000   ................
0x000076d8c52d08c0:   000000000000000e 0000000000000000   ................
0x000076d8c52d08d0:   0000000000000000 0000000000000000   ................
0x000076d8c52d08e0:   0000000000000002 0000000000000000   ................
0x000076d8c52d08f0:   000076d8c52d0ed0 000076d8c6b7a330   ..-..v..0....v..
0x000076d8c52d0900:   0000000000000007 0000000000000000   ................
0x000076d8c52d0910:   0000000000000000 0000000000000002   ................
0x000076d8c52d0920:   0000000000000000 0000000000000000   ................
0x000076d8c52d0930:   00000000ffffffff 000076d8c52d0fc0   ..........-..v..
0x000076d8c52d0940:   0000000000000246 0000000000000000   F...............
0x000076d8c52d0950:   0000000000000000 000076d8c002be28   ........(....v..
0x000076d8c52d0960:   000076d8c002be78 000076d8c002be78   x....v..x....v..
0x000076d8c52d0970:   0000000000000089 000076d8c52d0ed0   ..........-..v..
0x000076d8c52d0980:   000076d8c002be50 0000000000000000   P....v..........
0x000076d8c52d0990:   fffffffffffffffc 000076d8c6bcde51   ........Q....v..
0x000076d8c52d09a0:   000076d8c52d0e90 000076d8c6bcde51   ..-..v..Q....v..
0x000076d8c52d09b0:   0000000000000246 002b000000000033   F.......3.....+.
0x000076d8c52d09c0:   0000000000000004 000000000000000e   ................
0x000076d8c52d09d0:   0000000000000004 0000000000000014   ................
0x000076d8c52d09e0:   000076d8c52d0ac0 0000000000000000   ..-..v..........
0x000076d8c52d09f0:   000076d8c0029ff0 0000000000000000   .....v..........
0x000076d8c52d0a00:   000076d8c0029ff0 0000000000000000   .....v..........
0x000076d8c52d0a10:   0000040052000000 590100bb2e000000   ...R...........Y
0x000076d8c52d0a20:   6c898a7fba8900a0 0000000000000004   .......l........
0x000076d8c52d0a30:   000000004dff7621 0000000000000000   !v.M............
0x000076d8c52d0a40:   aea9e7e16932e881 aea9e7e1aea9e7e1   ..2i............
0x000076d8c52d0a50:   00000000ba8900a0 0000000000000000   ................

Instructions: (pc=0x000076d8c651a968)
  0x000076d8c651a868:   80 04 00 00 48 39 c2 74 07 48 c7 03 00 00 00 00
  0x000076d8c651a878:   49 8b 84 24 90 04 00 00 48 89 43 10 49 8b 84 24
  0x000076d8c651a888:   88 04 00 00 48 89 43 08 49 8b 84 24 80 04 00 00
  0x000076d8c651a898:   48 89 03 49 c7 84 24 80 04 00 00 00 00 00 00 49
  0x000076d8c651a8a8:   c7 84 24 90 04 00 00 00 00 00 00 49 c7 84 24 88
  0x000076d8c651a8b8:   04 00 00 00 00 00 00 48 8b 43 28 49 89 84 24 10
  0x000076d8c651a8c8:   05 00 00 4c 89 e0 5b 41 5c 5d c3 0f 1f 44 00 00
  0x000076d8c651a8d8:   f0 83 04 24 00 49 8b 44 24 28 a8 01 0f 84 47 ff
  0x000076d8c651a8e8:   ff ff 31 d2 be 01 00 00 00 4c 89 e7 e8 47 10 d9
  0x000076d8c651a8f8:   ff 41 8b 84 24 28 05 00 00 a8 08 0f 84 38 ff ff
  0x000076d8c651a908:   ff 4c 89 e7 e8 9f 09 8c ff e9 2b ff ff ff 48 8d
  0x000076d8c651a918:   05 5b ef 54 00 48 8d 0d c9 83 15 00 48 8d 15 75
  0x000076d8c651a928:   da 18 00 be 50 00 00 00 48 8d 3d 31 47 1c 00 48
  0x000076d8c651a938:   8b 00 c6 00 58 31 c0 e8 2c c4 62 ff 48 8d 05 2d
  0x000076d8c651a948:   ef 54 00 48 8d 0d 7d 83 15 00 48 8d 15 3f 47 1c
  0x000076d8c651a958:   00 be 4d 00 00 00 48 8d 3d 03 47 1c 00 48 8b 00
=>0x000076d8c651a968:   c6 00 58 31 c0 e8 fe c3 62 ff 66 66 2e 0f 1f 84
  0x000076d8c651a978:   00 00 00 00 00 0f 1f 00 48 8b 77 18 48 8b 47 20
  0x000076d8c651a988:   48 8b 96 80 04 00 00 48 89 86 10 05 00 00 48 8b
  0x000076d8c651a998:   07 48 39 c2 74 0b 48 c7 86 80 04 00 00 00 00 00
  0x000076d8c651a9a8:   00 48 8b 47 10 48 89 86 90 04 00 00 48 8b 47 08
  0x000076d8c651a9b8:   48 89 86 88 04 00 00 48 8b 07 48 89 86 80 04 00
  0x000076d8c651a9c8:   00 c7 86 2c 05 00 00 04 00 00 00 48 8b 7f 28 e9
  0x000076d8c651a9d8:   84 eb 98 ff 0f 1f 40 00 55 31 c0 48 8d 35 1d 83
  0x000076d8c651a9e8:   15 00 48 89 e5 41 54 49 89 fc 53 48 8d 1d 66 dd
  0x000076d8c651a9f8:   55 00 48 8b 3b e8 8e 5a ce ff 4d 85 e4 74 39 66
  0x000076d8c651aa08:   48 8d 3d 19 8a 54 00 66 66 48 e8 39 28 18 ff 48
  0x000076d8c651aa18:   8b 00 48 8b b8 08 04 00 00 48 8b 47 20 48 8b 57
  0x000076d8c651aa28:   28 48 29 c2 48 83 fa 07 76 45 48 8d 50 08 48 89
  0x000076d8c651aa38:   57 20 4c 89 20 49 89 c4 48 8b 33 4c 89 e7 e8 b5
  0x000076d8c651aa48:   e5 8a ff ba 89 00 00 00 48 8d 05 21 ee 54 00 48
  0x000076d8c651aa58:   8d 0d 7a 46 1c 00 48 8d 35 03 46 1c 00 bf 00 00


Stack slot to memory mapping:

stack at sp + 0 slots: 0x000076d8c002be50 points into unknown readable memory: 0x00000000000003f2 | f2 03 00 00 00 00 00 00
stack at sp + 1 slots: 0x0 is null
stack at sp + 2 slots: 0x000076d8c52d08f0 is pointing into the stack for thread: 0x000076d8c0029ff0
stack at sp + 3 slots: 0x000076d8afb64a35 is at code_begin+85 in 
[CodeBlob kind:11 (0x000076d8afb64988)]
Framesize: 0
UpcallStub (0x000076d8afb64988) used for upcall_stub
Frame data offset: 56
Receiver MH=java.lang.invoke.BoundMethodHandle$Species_LL 
{0x0000000706a6c588} - klass: 'java/lang/invoke/BoundMethodHandle$Species_LL' - flags: 

 - ---- fields (total size 5 words):
 - private 'customizationCount' 'B' @12  0 (0x00)
 - private volatile 'updateInProgress' 'Z' @13  false (0x00)
 - private final 'type' 'Ljava/lang/invoke/MethodType;' @16  a 'java/lang/invoke/MethodType'{0x0000000706757ff8} = (I)V (0xe0ceafff)
 - final 'form' 'Ljava/lang/invoke/LambdaForm;' @20  a 'java/lang/invoke/LambdaForm'{0x0000000706758550} => a 'java/lang/invoke/MemberName'{0x00000007067586e8} = {method} {0x000076d8808a1710} 'invoke' '(Ljava/lang/Object;I)V' in 'java/lang/invoke/LambdaForm$MH+0x000000005f194c00' (0xe0ceb0aa)
 - private 'asTypeCache' 'Ljava/lang/invoke/MethodHandle;' @24  null (0x00000000)
 - private 'asTypeSoftCache' 'Ljava/lang/ref/SoftReference;' @28  null (0x00000000)
 - final 'argL0' 'Ljava/lang/Object;' @32  a 'java/lang/invoke/MethodType'{0x0000000706757ff8} = (I)V (0xe0ceafff)
 - final 'argL1' 'Ljava/lang/Object;' @36  a 'java/lang/invoke/BoundMethodHandle$Species_LL'{0x0000000706a6e930} (0xe0d4dd26)
--------------------------------------------------------------------------------
Decoding CodeBlob, name: upcall_stub, at  [0x000076d8afb649e0, 0x000076d8afb64ab0]  208 bytes
[MachCode]
  0x000076d8afb649e0: 5548 8bec | 4883 ec70 | 4889 3c24 | 4889 5c24 | 084c 8964 | 2410 4c89 | 6c24 184c | 8974 2420 
  0x000076d8afb64a00: 4c89 7c24 | 28c5 f8ae | 5c24 308b | 4424 3025 | c0ff 0000 | 3b05 e21e | f816 0f84 | 0800 0000 
  0x000076d8afb64a20: c5f8 ae15 | d41e f816 | c5f8 7748 | 8d7c 2438 | e88b 5d9b | 164c 8bf8 | 4d33 e448 | 8b3c 2448 
  0x000076d8afb64a40: 8bd7 48be | 7206 11c0 | d876 0000 | e8ca 18ef | ff49 3ba7 | 2006 0000 | 7607 4989 | a720 0600 
  0x000076d8afb64a60: 00ff 5340 | 493b a720 | 0600 0072 | 0b49 c787 | 2006 0000 | 0000 0000 | c5f8 7748 | 8d7c 2438 
  0x000076d8afb64a80: e8fb 5e9b | 164d 33e4 | 488b 5c24 | 084c 8b64 | 2410 4c8b | 6c24 184c | 8b74 2420 | 4c8b 7c24 
  0x000076d8afb64aa0: 28c5 f8ae | 5424 30c9 | c3f4 f4f4 | f4f4 f4f4 
[/MachCode]
--------------------------------------------------------------------------------
stack at sp + 4 slots: 0x000000000000001c is an unknown value
stack at sp + 5 slots: 0x000076d8c002be50 points into unknown readable memory: 0x00000000000003f2 | f2 03 00 00 00 00 00 00
stack at sp + 6 slots: 0x0 is null
stack at sp + 7 slots: 0x0 is null

Lock stack of current Java thread (top to bottom):

--------------------------------------------------------------------------------
Decoding CodeBlob, name: upcall_stub, at  [0x000076d8afb649e0, 0x000076d8afb64ab0]  208 bytes
[MachCode]
  0x000076d8afb649e0: 5548 8bec | 4883 ec70 | 4889 3c24 | 4889 5c24 | 084c 8964 | 2410 4c89 | 6c24 184c | 8974 2420 
  0x000076d8afb64a00: 4c89 7c24 | 28c5 f8ae | 5c24 308b | 4424 3025 | c0ff 0000 | 3b05 e21e | f816 0f84 | 0800 0000 
  0x000076d8afb64a20: c5f8 ae15 | d41e f816 | c5f8 7748 | 8d7c 2438 | e88b 5d9b | 164c 8bf8 | 4d33 e448 | 8b3c 2448 
  0x000076d8afb64a40: 8bd7 48be | 7206 11c0 | d876 0000 | e8ca 18ef | ff49 3ba7 | 2006 0000 | 7607 4989 | a720 0600 
  0x000076d8afb64a60: 00ff 5340 | 493b a720 | 0600 0072 | 0b49 c787 | 2006 0000 | 0000 0000 | c5f8 7748 | 8d7c 2438 
  0x000076d8afb64a80: e8fb 5e9b | 164d 33e4 | 488b 5c24 | 084c 8b64 | 2410 4c8b | 6c24 184c | 8b74 2420 | 4c8b 7c24 
  0x000076d8afb64aa0: 28c5 f8ae | 5424 30c9 | c3f4 f4f4 | f4f4 f4f4 
[/MachCode]
--------------------------------------------------------------------------------


Compiled method (n/a) 65362 1747     n 0       java.lang.Object::wait0 (native)
 total in heap  [0x000076d8b0037988,0x000076d8b0037be0] = 600
 main code      [0x000076d8b0037a80,0x000076d8b0037bdf] = 351
 stub code      [0x000076d8b0037bdf,0x000076d8b0037be0] = 1
 mutable data [0x000076d844002db0,0x000076d844002dc8] = 24
 relocation     [0x000076d844002db0,0x000076d844002dc8] = 24

[Constant Pool (empty)]

[MachCode]
[Entry Point]
  # {method} {0x000000005e49e758} 'wait0' '(J)V' in 'java/lang/Object'
  # this:     rsi:rsi   = 'java/lang/Object'
  # parm0:    rdx:rdx   = long
  #           [sp+0x50]  (sp of caller)
  0x000076d8b0037a80: 6690 448b | 5608 443b 

  0x000076d8b0037a88: ;   {runtime_call Shared Runtime ic_miss_blob}
  0x000076d8b0037a88: 5008 0f85 | 5069 a3ff 
[Verified Entry Point]
  0x000076d8b0037a90: 8984 2400 | c0fe ff55 | 488b ec48 | 83ec 4090 | 4181 7f20 | 0900 0000 

  0x000076d8b0037aa8: ;   {runtime_call Stub::method_entry_barrier}
  0x000076d8b0037aa8: 7405 e8b1 | e4a1 ff48 | 8934 2448 | 83fe 0048 | 8d34 2448 | 0f44 3424 | 4c8d 1596 | 0000 004d 
  0x000076d8b0037ac8: 8997 8804 | 0000 c5f8 | 7749 89a7 | 8004 0000 | 498d bfa0 | 0400 0041 | c787 2c05 | 0000 0400 
  0x000076d8b0037ae8: ;   {runtime_call JVM_MonitorWait}
  0x000076d8b0037ae8: 0000 e8e1 | 86e7 15c5 | f877 41c7 | 872c 0500 | 0005 0000 | 00f0 8344 | 24c0 0049 | 3b6f 280f 
  0x000076d8b0037b08: 870e 0000 | 0041 83bf | 2805 0000 | 000f 841c | 0000 00c5 | f877 498b | ff4c 8be4 | 4883 ec00 
  0x000076d8b0037b28: 4883 e4f0 

  0x000076d8b0037b2c: ;   {runtime_call JavaThread::check_special_condition_for_native_trans(JavaThread*)}
  0x000076d8b0037b2c: e8bf 37da | 1549 8be4 | 4d33 e441 | c787 2c05 | 0000 0800 | 0000 4d8b | 9748 0600 | 0049 83fa 
  0x000076d8b0037b4c: 0074 0e49 | c787 4806 | 0000 0000 | 0000 41ff | e241 83bf | a805 0000 | 020f 8459 | 0000 0049 
  0x000076d8b0037b6c: c787 8004 | 0000 0000 | 0000 49c7 | 8788 0400 | 0000 0000 | 00c5 f877 | 498b 8f10 | 0500 00c7 
  0x000076d8b0037b8c: 8100 0100 | 0000 0000 

  0x000076d8b0037b94: ;   {poll_return}
  0x000076d8b0037b94: 00c9 41f6 | 4728 0174 

  0x000076d8b0037b9c: ;   {internal_word}
  0x000076d8b0037b9c: 1649 ba96 | 7b03 b0d8 | 7600 004d | 8997 3805 

  0x000076d8b0037bac: ;   {runtime_call SafepointBlob}
  0x000076d8b0037bac: 0000 e9ad | 8ca3 ff49 | 837f 0800 | 0f85 0100 

  0x000076d8b0037bbc: ;   {runtime_call Stub::forward_exception}
  0x000076d8b0037bbc: 0000 c3e9 | 1c93 9eff | c5f8 774c | 8be4 4883 | ec00 4883 

  0x000076d8b0037bd0: ;   {runtime_call SharedRuntime::reguard_yellow_pages()}
  0x000076d8b0037bd0: e4f0 e879 | 9328 1649 | 8be4 4d33 | e4eb 8cf4 
[/MachCode]


Compiled method (c2) 65379 9975   !   4       java.lang.Object::wait (59 bytes)
 total in heap  [0x000076d8b03b4f08,0x000076d8b03b5100] = 504
 main code      [0x000076d8b03b5000,0x000076d8b03b50d8] = 216
 stub code      [0x000076d8b03b50d8,0x000076d8b03b5100] = 40
 mutable data [0x000076d86c92b350,0x000076d86c92b390] = 64
 relocation     [0x000076d86c92b350,0x000076d86c92b380] = 48
 metadata       [0x000076d86c92b380,0x000076d86c92b390] = 16
 immutable data [0x000076d86c92b2a0,0x000076d86c92b348] = 168
 dependencies   [0x000076d86c92b2a0,0x000076d86c92b2a8] = 8
 handler table  [0x000076d86c92b2a8,0x000076d86c92b2c0] = 24
 scopes pcs     [0x000076d86c92b2c0,0x000076d86c92b310] = 80
 scopes data    [0x000076d86c92b310,0x000076d86c92b348] = 56

[Constant Pool (empty)]

[MachCode]
[Instructions begin]
  0x000076d8b03b5000: 6690 448b | 5608 443b 

  0x000076d8b03b5008: ;   {runtime_call Shared Runtime ic_miss_blob}
  0x000076d8b03b5008: 5008 0f85 | d093 6bff 
[Verified Entry Point]
  0x000076d8b03b5010: 8984 2400 | c0fe ff55 | 4883 ec20 | 4181 7f20 | 0900 0000 | 0f85 a100 | 0000 4885 | d27c 514d 
  0x000076d8b03b5030: 8b97 6804 | 0000 498b | 2a44 8b55 

  0x000076d8b03b503c: ;   {metadata('java/lang/VirtualThread')}
  0x000076d8b03b503c: 0841 81fa | 3024 1900 

  0x000076d8b03b5044: ;   {optimized virtual_call}
  0x000076d8b03b5044: 741e 90e8 

  0x000076d8b03b5048: ; ImmutableOopMap {}
                      ;*invokevirtual wait0 {reexecute=0 rethrow=0 return_oop=0}
                      ; - java.lang.Object::wait@55 (line 389)
  0x000076d8b03b5048: 442a c8ff 

  0x000076d8b03b504c: ;   {post_call_nop}
  0x000076d8b03b504c: 0f1f 8400 | 4401 0000 | 4883 c420 

  0x000076d8b03b5058: ;   {poll_return}
  0x000076d8b03b5058: 5d49 3b67 | 280f 8752 | 0000 00c3 | 4889 3424 | 4889 5424 | 08be 45ff 

  0x000076d8b03b5070: ;   {runtime_call UncommonTrapBlob}
  0x000076d8b03b5070: ffff 90e8 

  0x000076d8b03b5074: ; ImmutableOopMap {rbp=Oop [0]=Oop }
                      ;*ifeq {reexecute=1 rethrow=0 return_oop=0}
                      ; - (reexecute) java.lang.Object::wait@26 (line 380)
  0x000076d8b03b5074: e86c 6fff 

  0x000076d8b03b5078: ;   {post_call_nop}
  0x000076d8b03b5078: 0f1f 8400 | 7001 0001 | 4533 d249 | 3bd2 bdff | ffff ff7c | 0840 0f95 | c540 0fb6 | edbe 45ff 
  0x000076d8b03b5098: ;   {runtime_call UncommonTrapBlob}
  0x000076d8b03b5098: ffff 90e8 

  0x000076d8b03b509c: ; ImmutableOopMap {}
                      ;*ifge {reexecute=1 rethrow=0 return_oop=0}
                      ; - (reexecute) java.lang.Object::wait@3 (line 376)
  0x000076d8b03b509c: c06c 6fff 

  0x000076d8b03b50a0: ;   {post_call_nop}
  0x000076d8b03b50a0: 0f1f 8400 | 9801 0002 | 488b f048 | 83c4 205d 

  0x000076d8b03b50b0: ;   {runtime_call C2 Runtime rethrow}
  0x000076d8b03b50b0: e92b 7e79 

  0x000076d8b03b50b4: ;   {internal_word}
  0x000076d8b03b50b4: ff49 ba59 | 503b b0d8 | 7600 004d | 8997 3805 

  0x000076d8b03b50c4: ;   {runtime_call SafepointBlob}
  0x000076d8b03b50c4: 0000 e995 

  0x000076d8b03b50c8: ;   {runtime_call Stub::method_entry_barrier}
  0x000076d8b03b50c8: b76b ffe8 | 900e 6aff | e955 ffff | fff4 f4f4 
[Stub Code]
  0x000076d8b03b50d8: ;   {static_stub}
  0x000076d8b03b50d8: 48bb 0000 | 0000 0000 

  0x000076d8b03b50e0: ;   {runtime_call nmethod}
  0x000076d8b03b50e0: 0000 e9fb 

  0x000076d8b03b50e4: ;   {runtime_call ExceptionBlob}
  0x000076d8b03b50e4: ffff ffe9 | 746f 6fff 
[Deopt Handler Code]
  0x000076d8b03b50ec: e800 0000 | 0048 832c 

  0x000076d8b03b50f4: ;   {runtime_call DeoptimizationBlob}
  0x000076d8b03b50f4: 2405 e965 | ba6b fff4 | f4f4 f4f4 
[/MachCode]


---------------  P R O C E S S  ---------------

Threads class SMR info:
_java_thread_list=0x0000567f923aaa00, length=47, elements={
0x000076d8c0029ff0, 0x000076d8c0114fb0, 0x000076d8c01167e0, 0x000076d8c0118230,
0x000076d8c0119b50, 0x000076d8c011b3d0, 0x000076d8c011d1d0, 0x000076d8c011ebc0,
0x000076d8c012afc0, 0x000076d8c012df70, 0x000076d8c02d3e60, 0x000076d8c03774a0,
0x000076d8c03b6ba0, 0x000076d8c0d51ef0, 0x000076d8c0d4eb40, 0x000076d83400f830,
0x000076d82c001640, 0x000076d82c002970, 0x000076d82c004270, 0x000076d82c005b70,
0x000076d834253f70, 0x000076d8343644d0, 0x000076d81c00eff0, 0x000076d82800e8a0,
0x000076d83456e610, 0x000076d8345b6830, 0x000076d8345fed40, 0x000076d8346477a0,
0x000076d82c008320, 0x000076d834665fb0, 0x000076d83483c2d0, 0x000076d82c00b8c0,
0x000076d834aaff50, 0x000076d834abacd0, 0x000076d82c00cdb0, 0x000076d82c00e370,
0x000076d82c00f380, 0x000076d82c0103a0, 0x000076d82c0117e0, 0x000076d81c051a60,
0x000076d81c053ff0, 0x000076d82c012df0, 0x000076d8c09105f0, 0x000076d86c4ad3f0,
0x000076d8c093b600, 0x000076d8c0b81430, 0x0000567f923ab1c0
}

Java Threads: ( => current thread )
=>0x000076d8c0029ff0 JavaThread "main"                              [_thread_blocked, id=4237, stack(0x000076d8c51d3000,0x000076d8c52d3000) (1024K)]
  0x000076d8c0114fb0 JavaThread "Reference Handler"          daemon [_thread_blocked, id=4248, stack(0x000076d8a1133000,0x000076d8a1233000) (1024K)]
  0x000076d8c01167e0 JavaThread "Finalizer"                  daemon [_thread_blocked, id=4249, stack(0x000076d8a1033000,0x000076d8a1133000) (1024K)]
  0x000076d8c0118230 JavaThread "Signal Dispatcher"          daemon [_thread_blocked, id=4250, stack(0x000076d8a0f33000,0x000076d8a1033000) (1024K)]
  0x000076d8c0119b50 JavaThread "Service Thread"             daemon [_thread_blocked, id=4251, stack(0x000076d8a0e33000,0x000076d8a0f33000) (1024K)]
  0x000076d8c011b3d0 JavaThread "Monitor Deflation Thread"   daemon [_thread_blocked, id=4252, stack(0x000076d8a0d33000,0x000076d8a0e33000) (1024K)]
  0x000076d8c011d1d0 JavaThread "C2 CompilerThread0"         daemon [_thread_blocked, id=4253, stack(0x000076d8a0c33000,0x000076d8a0d33000) (1024K)]
  0x000076d8c011ebc0 JavaThread "C1 CompilerThread0"         daemon [_thread_blocked, id=4254, stack(0x000076d8a0af3000,0x000076d8a0bf3000) (1024K)]
  0x000076d8c012afc0 JavaThread "Notification Thread"        daemon [_thread_blocked, id=4255, stack(0x000076d8a09f3000,0x000076d8a0af3000) (1024K)]
  0x000076d8c012df70 JavaThread "Common-Cleaner"             daemon [_thread_blocked, id=4256, stack(0x000076d8a08f3000,0x000076d8a09f3000) (1024K)]
  0x000076d8c02d3e60 JavaThread "Log4j2-TF-1-AsyncLogger[AsyncContext@341d43cd]-1" daemon [_thread_blocked, id=4267, stack(0x000076d8a07f3000,0x000076d8a08f3000) (1024K)]
  0x000076d8c03774a0 JavaThread "process reaper"             daemon [_thread_blocked, id=4288, stack(0x000076d8a3e1b000,0x000076d8a3e3d000) (136K)]
  0x000076d8c03b6ba0 JavaThread "JLine terminal non blocking reader thread" daemon [_thread_in_native, id=4295, stack(0x000076d8a02f0000,0x000076d8a03f0000) (1024K)]
  0x000076d8c0d51ef0 JavaThread "ForkJoinPool.commonPool-worker-1" daemon [_thread_blocked, id=4399, stack(0x000076d8a01f0000,0x000076d8a02f0000) (1024K)]
  0x000076d8c0d4eb40 JavaThread "LuckPerms - Task Executor #0" daemon [_thread_blocked, id=4400, stack(0x000076d83f9ec000,0x000076d83faec000) (1024K)]
  0x000076d83400f830 JavaThread "Velocity Task Scheduler Timer" daemon [_thread_blocked, id=4401, stack(0x000076d83f8ec000,0x000076d83f9ec000) (1024K)]
  0x000076d82c001640 JavaThread "LuckPerms - Task Executor #1" daemon [_thread_blocked, id=4402, stack(0x000076d83f7ec000,0x000076d83f8ec000) (1024K)]
  0x000076d82c002970 JavaThread "LuckPerms - Task Executor #2" daemon [_thread_blocked, id=4403, stack(0x000076d83f6ec000,0x000076d83f7ec000) (1024K)]
  0x000076d82c004270 JavaThread "LuckPerms - Task Executor #3" daemon [_thread_blocked, id=4404, stack(0x000076d83f5ec000,0x000076d83f6ec000) (1024K)]
  0x000076d82c005b70 JavaThread "LuckPerms - Task Executor #4" daemon [_thread_blocked, id=4405, stack(0x000076d83f4ec000,0x000076d83f5ec000) (1024K)]
  0x000076d834253f70 JavaThread "FileSystemWatchService"     daemon [_thread_in_native, id=4412, stack(0x000076d83f3ec000,0x000076d83f4ec000) (1024K)]
  0x000076d8343644d0 JavaThread "MVStore background writer /workspaces/craftmine/velocity/plugins/luckperms/luckperms-h2-v2.mv.db" daemon [_thread_blocked, id=4417, stack(0x000076d83f2ec000,0x000076d83f3ec000) (1024K)]
  0x000076d81c00eff0 JavaThread "H2-serialization"           daemon [_thread_blocked, id=4427, stack(0x000076d83f1ec000,0x000076d83f2ec000) (1024K)]
  0x000076d82800e8a0 JavaThread "H2-save"                    daemon [_thread_blocked, id=4428, stack(0x000076d83f0ec000,0x000076d83f1ec000) (1024K)]
  0x000076d83456e610 JavaThread "SkinCacheDatastore Thread #1" daemon [_thread_blocked, id=4432, stack(0x000076d83efec000,0x000076d83f0ec000) (1024K)]
  0x000076d8345b6830 JavaThread "SkinCacheDatastore Thread #2" daemon [_thread_blocked, id=4433, stack(0x000076d83eb00000,0x000076d83ec00000) (1024K)]
  0x000076d8345fed40 JavaThread "SkinCacheDatastore Thread #3" daemon [_thread_blocked, id=4434, stack(0x000076d83ea00000,0x000076d83eb00000) (1024K)]
  0x000076d8346477a0 JavaThread "SkinCacheDatastore Thread #4" daemon [_thread_blocked, id=4435, stack(0x000076d83e900000,0x000076d83ea00000) (1024K)]
  0x000076d82c008320 JavaThread "EaglercraftXServer - Task Executor #0" daemon [_thread_blocked, id=4437, stack(0x000076d83e800000,0x000076d83e900000) (1024K)]
  0x000076d834665fb0 JavaThread "Netty epoll Worker #0"      daemon [_thread_in_native, id=4438, stack(0x000076d83d4fd000,0x000076d83d5fd000) (1024K)]
  0x000076d83483c2d0 JavaThread "Java2D Disposer"            daemon [_thread_blocked, id=4492, stack(0x000076d83e600000,0x000076d83e700000) (1024K)]
  0x000076d82c00b8c0 JavaThread "nAntiBot - Task Executor #0" daemon [_thread_blocked, id=4498, stack(0x000076d83debb000,0x000076d83dfbb000) (1024K)]
  0x000076d834aaff50 JavaThread "nAntiBot Watchdog"                 [_thread_blocked, id=4499, stack(0x000076d83ddbb000,0x000076d83debb000) (1024K)]
  0x000076d834abacd0 JavaThread "ForkJoinPool.commonPool-worker-2" daemon [_thread_blocked, id=4500, stack(0x000076d83dcbb000,0x000076d83ddbb000) (1024K)]
  0x000076d82c00cdb0 JavaThread "nAntiBot - Task Executor #1" daemon [_thread_blocked, id=4501, stack(0x000076d83dbbb000,0x000076d83dcbb000) (1024K)]
  0x000076d82c00e370 JavaThread "nLogin - Task Executor #0"  daemon [_thread_blocked, id=4516, stack(0x000076d83dabb000,0x000076d83dbbb000) (1024K)]
  0x000076d82c00f380 JavaThread "nLogin - Task Executor #1"  daemon [_thread_blocked, id=4546, stack(0x000076d83d9bb000,0x000076d83dabb000) (1024K)]
  0x000076d82c0103a0 JavaThread "ViaVersion - Task Executor #0" daemon [_thread_blocked, id=4620, stack(0x000076d83d8bb000,0x000076d83d9bb000) (1024K)]
  0x000076d82c0117e0 JavaThread "ViaVersion - Task Executor #1" daemon [_thread_blocked, id=4621, stack(0x000076d83d7bb000,0x000076d83d8bb000) (1024K)]
  0x000076d81c051a60 JavaThread "Netty epoll Worker #1"      daemon [_thread_in_native, id=4622, stack(0x000076d83d6bb000,0x000076d83d7bb000) (1024K)]
  0x000076d81c053ff0 JavaThread "Netty epoll Worker #2"      daemon [_thread_in_native, id=4623, stack(0x000076d83d3fd000,0x000076d83d4fd000) (1024K)]
  0x000076d82c012df0 JavaThread "ViaVersion - Task Executor #2" daemon [_thread_blocked, id=4624, stack(0x000076d83cf00000,0x000076d83d000000) (1024K)]
  0x000076d8c09105f0 JavaThread "Netty epoll Boss #0"               [_thread_in_native, id=4627, stack(0x000076d83e0bb000,0x000076d83e1bb000) (1024K)]
  0x000076d86c4ad3f0 JavaThread "nAntiBot Cloud epoll #0"           [_thread_in_native, id=4629, stack(0x000076d83dfbb000,0x000076d83e0bb000) (1024K)]
  0x000076d8c093b600 JavaThread "bStats-Metrics"             daemon [_thread_blocked, id=4630, stack(0x000076d83e2bb000,0x000076d83e3bb000) (1024K)]
  0x000076d8c0b81430 JavaThread "JLine-signal-dispatcher"    daemon [_thread_blocked, id=4631, stack(0x000076d83e1bb000,0x000076d83e2bb000) (1024K)]
  0x0000567f923ab1c0 JavaThread "Thread-5"                   daemon [_thread_in_native, id=4236, stack(0x00007ffd7e030000,0x00007ffd7e82d000) (8180K)]
Total: 47

Other Threads:
  0x000076d8c01088c0 VMThread "VM Thread"                           [id=4247, stack(0x000076d8a16fa000,0x000076d8a17fa000) (1024K)]
  0x000076d8c00f89e0 WatcherThread "VM Periodic Task Thread"        [id=4246, stack(0x000076d8a15f9000,0x000076d8a16f9000) (1024K)]
  0x000076d8c0098350 WorkerThread "GC Thread#0"                     [id=4238, stack(0x000076d8c428f000,0x000076d8c438f000) (1024K)]
  0x000076d8840075d0 WorkerThread "GC Thread#1"                     [id=4290, stack(0x000076d8a05f3000,0x000076d8a06f3000) (1024K)]
  0x000076d8840081f0 WorkerThread "GC Thread#2"                     [id=4291, stack(0x000076d8a04f2000,0x000076d8a05f2000) (1024K)]
  0x000076d884008f00 WorkerThread "GC Thread#3"                     [id=4292, stack(0x000076d8a03f1000,0x000076d8a04f1000) (1024K)]
  0x000076d8c00b12d0 ConcurrentGCThread "G1 Main Marker"            [id=4240, stack(0x000076d8c418e000,0x000076d8c428e000) (1024K)]
  0x000076d8c00b24a0 WorkerThread "G1 Conc#0"                       [id=4241, stack(0x000076d8c408d000,0x000076d8c418d000) (1024K)]
  0x000076d8c00e09a0 ConcurrentGCThread "G1 Refine#0"               [id=4242, stack(0x000076d8a18fc000,0x000076d8a19fc000) (1024K)]
  0x000076d8c00e1b90 ConcurrentGCThread "G1 Service"                [id=4243, stack(0x000076d8a17fb000,0x000076d8a18fb000) (1024K)]
Total: 10

Threads with active compile tasks:
Total: 0

VM state: not at safepoint (normal execution)

VM Mutex/Monitor currently owned by a thread: None

Heap address: 0x0000000706000000, size: 4000 MB, Compressed Oops mode: Zero based, Oop shift amount: 3

CDS archive(s) mapped at: [0x000000005e000000-0x000000005ed8d000-0x000000005ed8d000), size 14209024, SharedBaseAddress: 0x000000005e000000, ArchiveRelocationMode: 1.
Compressed class space mapped at: 0x000000005f000000-0x000000009f000000, reserved size: 1073741824
UseCompressedClassPointers 1, UseCompactObjectHeaders 0
Narrow klass pointer bits 32, Max shift 3
Narrow klass base: 0x000000005e000000, Narrow klass shift: 0
Encoding Range: [0x000000005e000000 - 0x000000015e000000), (4294967296 bytes)
Klass Range:    [0x000000005e001000 - 0x000000009f000000), (1090514944 bytes)
Klass ID Range:  [4096 - 1090519033) (1090514937)
Protection zone: [0x000000005e000000 - 0x000000005e001000), (4096 bytes)

GC Precious Log:
 CardTable entry size: 512
 Card Set container configuration: InlinePtr #cards 4 size 8 Array Of Cards #cards 16 size 48 Howl #buckets 8 coarsen threshold 3686 Howl Bitmap #cards 512 size 80 coarsen threshold 460 Card regions per heap region 1 cards per card region 4096
 CPUs: 4 total, 4 available
 Memory: 15993M
 Large Page Support: Disabled
 NUMA Support: Disabled
 Compressed Oops: Enabled (Zero based)
 Heap Region Size: 2M
 Heap Min Capacity: 8M
 Heap Initial Capacity: 250M
 Heap Max Capacity: 4000M
 Pre-touch: Disabled
 Parallel Workers: 4
 Concurrent Workers: 1
 Concurrent Refinement Workers: 4
 Periodic GC: Disabled
 G1 Time-Based Heap Sizing enabled (uncommit-only)
 Evaluation Interval: 60s, Uncommit Delay: 300s, Min Regions To Uncommit: 10

Heap:
 garbage-first heap   total reserved 4096000K, committed 299008K, used 212833K [0x0000000706000000, 0x0000000800000000)
  region size 2048K, 62 young (126976K), 11 survivors (22528K)

Heap Regions: E=young(eden), S=young(survivor), O=old, HS=humongous(starts), HC=humongous(continues), CS=collection set, F=free, TAMS=top-at-mark-start, PB=parsable bottom
|   0|0x0000000706000000, 0x0000000706200000, 0x0000000706200000|100%|HS|  |TAMS 0x0000000706000000| PB 0x0000000706000000| Complete |  0
|   1|0x0000000706200000, 0x0000000706400000, 0x0000000706400000|100%| O|  |TAMS 0x0000000706200000| PB 0x0000000706200000| Untracked |  0
|   2|0x0000000706400000, 0x0000000706600000, 0x0000000706600000|100%| O|  |TAMS 0x0000000706400000| PB 0x0000000706400000| Untracked |  0
|   3|0x0000000706600000, 0x0000000706800000, 0x0000000706800000|100%| O|  |TAMS 0x0000000706600000| PB 0x0000000706600000| Untracked |  0
|   4|0x0000000706800000, 0x0000000706a00000, 0x0000000706a00000|100%| O|  |TAMS 0x0000000706800000| PB 0x0000000706800000| Untracked |  0
|   5|0x0000000706a00000, 0x0000000706c00000, 0x0000000706c00000|100%| O|  |TAMS 0x0000000706a00000| PB 0x0000000706a00000| Untracked |  0
|   6|0x0000000706c00000, 0x0000000706e00000, 0x0000000706e00000|100%| O|  |TAMS 0x0000000706c00000| PB 0x0000000706c00000| Untracked |  0
|   7|0x0000000706e00000, 0x0000000707000000, 0x0000000707000000|100%| O|  |TAMS 0x0000000706e00000| PB 0x0000000706e00000| Untracked |  0
|   8|0x0000000707000000, 0x0000000707200000, 0x0000000707200000|100%| O|  |TAMS 0x0000000707000000| PB 0x0000000707000000| Untracked |  0
|   9|0x0000000707200000, 0x0000000707400000, 0x0000000707400000|100%| O|  |TAMS 0x0000000707200000| PB 0x0000000707200000| Untracked |  0
|  10|0x0000000707400000, 0x0000000707600000, 0x0000000707600000|100%| O|  |TAMS 0x0000000707400000| PB 0x0000000707400000| Untracked |  0
|  11|0x0000000707600000, 0x0000000707800000, 0x0000000707800000|100%| O|  |TAMS 0x0000000707600000| PB 0x0000000707600000| Untracked |  0
|  12|0x0000000707800000, 0x0000000707a00000, 0x0000000707a00000|100%| O|  |TAMS 0x0000000707800000| PB 0x0000000707800000| Untracked |  0
|  13|0x0000000707a00000, 0x0000000707c00000, 0x0000000707c00000|100%| O|  |TAMS 0x0000000707a00000| PB 0x0000000707a00000| Untracked |  0
|  14|0x0000000707c00000, 0x0000000707e00000, 0x0000000707e00000|100%| O|  |TAMS 0x0000000707c00000| PB 0x0000000707c00000| Untracked |  0
|  15|0x0000000707e00000, 0x0000000708000000, 0x0000000708000000|100%| O|  |TAMS 0x0000000707e00000| PB 0x0000000707e00000| Untracked |  0
|  16|0x0000000708000000, 0x0000000708200000, 0x0000000708200000|100%| O|  |TAMS 0x0000000708000000| PB 0x0000000708000000| Untracked |  0
|  17|0x0000000708200000, 0x0000000708400000, 0x0000000708400000|100%| O|  |TAMS 0x0000000708200000| PB 0x0000000708200000| Untracked |  0
|  18|0x0000000708400000, 0x0000000708600000, 0x0000000708600000|100%| O|  |TAMS 0x0000000708400000| PB 0x0000000708400000| Untracked |  0
|  19|0x0000000708600000, 0x0000000708800000, 0x0000000708800000|100%| O|  |TAMS 0x0000000708600000| PB 0x0000000708600000| Untracked |  0
|  20|0x0000000708800000, 0x0000000708a00000, 0x0000000708a00000|100%| O|  |TAMS 0x0000000708800000| PB 0x0000000708800000| Untracked |  0
|  21|0x0000000708a00000, 0x0000000708c00000, 0x0000000708c00000|100%| O|  |TAMS 0x0000000708a00000| PB 0x0000000708a00000| Untracked |  0
|  22|0x0000000708c00000, 0x0000000708e00000, 0x0000000708e00000|100%|HS|  |TAMS 0x0000000708c00000| PB 0x0000000708c00000| Complete |  0
|  23|0x0000000708e00000, 0x0000000709000000, 0x0000000709000000|100%| O|  |TAMS 0x0000000708e00000| PB 0x0000000708e00000| Untracked |  0
|  24|0x0000000709000000, 0x0000000709200000, 0x0000000709200000|100%| O|  |TAMS 0x0000000709000000| PB 0x0000000709000000| Untracked |  0
|  25|0x0000000709200000, 0x0000000709400000, 0x0000000709400000|100%| O|  |TAMS 0x0000000709200000| PB 0x0000000709200000| Untracked |  0
|  26|0x0000000709400000, 0x0000000709600000, 0x0000000709600000|100%| O|  |TAMS 0x0000000709400000| PB 0x0000000709400000| Untracked |  0
|  27|0x0000000709600000, 0x0000000709800000, 0x0000000709800000|100%| O|  |TAMS 0x0000000709600000| PB 0x0000000709600000| Untracked |  0
|  28|0x0000000709800000, 0x0000000709a00000, 0x0000000709a00000|100%| O|  |TAMS 0x0000000709800000| PB 0x0000000709800000| Untracked |  0
|  29|0x0000000709a00000, 0x0000000709c00000, 0x0000000709c00000|100%| O|  |TAMS 0x0000000709a00000| PB 0x0000000709a00000| Untracked |  0
|  30|0x0000000709c00000, 0x0000000709e00000, 0x0000000709e00000|100%| O|  |TAMS 0x0000000709c00000| PB 0x0000000709c00000| Untracked |  0
|  31|0x0000000709e00000, 0x000000070a000000, 0x000000070a000000|100%| O|  |TAMS 0x0000000709e00000| PB 0x0000000709e00000| Untracked |  0
|  32|0x000000070a000000, 0x000000070a200000, 0x000000070a200000|100%| O|  |TAMS 0x000000070a000000| PB 0x000000070a000000| Untracked |  0
|  33|0x000000070a200000, 0x000000070a400000, 0x000000070a400000|100%| O|  |TAMS 0x000000070a200000| PB 0x000000070a200000| Untracked |  0
|  34|0x000000070a400000, 0x000000070a600000, 0x000000070a600000|100%| O|  |TAMS 0x000000070a400000| PB 0x000000070a400000| Untracked |  0
|  35|0x000000070a600000, 0x000000070a800000, 0x000000070a800000|100%| O|  |TAMS 0x000000070a600000| PB 0x000000070a600000| Untracked |  0
|  36|0x000000070a800000, 0x000000070aa00000, 0x000000070aa00000|100%| O|  |TAMS 0x000000070a800000| PB 0x000000070a800000| Untracked |  0
|  37|0x000000070aa00000, 0x000000070ac00000, 0x000000070ac00000|100%| O|  |TAMS 0x000000070aa00000| PB 0x000000070aa00000| Untracked |  0
|  38|0x000000070ac00000, 0x000000070add8608, 0x000000070ae00000| 92%| O|  |TAMS 0x000000070ac00000| PB 0x000000070ac00000| Untracked |  0
|  39|0x000000070ae00000, 0x000000070ae00000, 0x000000070b000000|  0%| F|  |TAMS 0x000000070ae00000| PB 0x000000070ae00000| Untracked |  0
|  40|0x000000070b000000, 0x000000070b200000, 0x000000070b200000|100%| O|  |TAMS 0x000000070b000000| PB 0x000000070b000000| Untracked |  0
|  41|0x000000070b200000, 0x000000070b400000, 0x000000070b400000|100%| O|  |TAMS 0x000000070b200000| PB 0x000000070b200000| Untracked |  0
|  42|0x000000070b400000, 0x000000070b600000, 0x000000070b600000|100%| O|  |TAMS 0x000000070b400000| PB 0x000000070b400000| Untracked |  0
|  43|0x000000070b600000, 0x000000070b600000, 0x000000070b800000|  0%| F|  |TAMS 0x000000070b600000| PB 0x000000070b600000| Untracked |  0
|  44|0x000000070b800000, 0x000000070b800000, 0x000000070ba00000|  0%| F|  |TAMS 0x000000070b800000| PB 0x000000070b800000| Untracked |  0
|  45|0x000000070ba00000, 0x000000070ba00000, 0x000000070bc00000|  0%| F|  |TAMS 0x000000070ba00000| PB 0x000000070ba00000| Untracked |  0
|  46|0x000000070bc00000, 0x000000070be00000, 0x000000070be00000|100%| S|CS|TAMS 0x000000070bc00000| PB 0x000000070bc00000| Complete |  0
|  47|0x000000070be00000, 0x000000070c000000, 0x000000070c000000|100%| S|CS|TAMS 0x000000070be00000| PB 0x000000070be00000| Complete |  0
|  48|0x000000070c000000, 0x000000070c200000, 0x000000070c200000|100%| S|CS|TAMS 0x000000070c000000| PB 0x000000070c000000| Complete |  0
|  49|0x000000070c200000, 0x000000070c400000, 0x000000070c400000|100%| S|CS|TAMS 0x000000070c200000| PB 0x000000070c200000| Complete |  0
|  50|0x000000070c400000, 0x000000070c600000, 0x000000070c600000|100%| S|CS|TAMS 0x000000070c400000| PB 0x000000070c400000| Complete |  0
|  51|0x000000070c600000, 0x000000070c800000, 0x000000070c800000|100%| S|CS|TAMS 0x000000070c600000| PB 0x000000070c600000| Complete |  0
|  52|0x000000070c800000, 0x000000070ca00000, 0x000000070ca00000|100%| S|CS|TAMS 0x000000070c800000| PB 0x000000070c800000| Complete |  0
|  53|0x000000070ca00000, 0x000000070cc00000, 0x000000070cc00000|100%| S|CS|TAMS 0x000000070ca00000| PB 0x000000070ca00000| Complete |  0
|  54|0x000000070cc00000, 0x000000070ce00000, 0x000000070ce00000|100%| S|CS|TAMS 0x000000070cc00000| PB 0x000000070cc00000| Complete |  0
|  55|0x000000070ce00000, 0x000000070d000000, 0x000000070d000000|100%| S|CS|TAMS 0x000000070ce00000| PB 0x000000070ce00000| Complete |  0
|  56|0x000000070d000000, 0x000000070d200000, 0x000000070d200000|100%| S|CS|TAMS 0x000000070d000000| PB 0x000000070d000000| Complete |  0
|  57|0x000000070d200000, 0x000000070d200000, 0x000000070d400000|  0%| F|  |TAMS 0x000000070d200000| PB 0x000000070d200000| Untracked |  0
|  58|0x000000070d400000, 0x000000070d400000, 0x000000070d600000|  0%| F|  |TAMS 0x000000070d400000| PB 0x000000070d400000| Untracked |  0
|  59|0x000000070d600000, 0x000000070d600000, 0x000000070d800000|  0%| F|  |TAMS 0x000000070d600000| PB 0x000000070d600000| Untracked |  0
|  60|0x000000070d800000, 0x000000070d800000, 0x000000070da00000|  0%| F|  |TAMS 0x000000070d800000| PB 0x000000070d800000| Untracked |  0
|  61|0x000000070da00000, 0x000000070da00000, 0x000000070dc00000|  0%| F|  |TAMS 0x000000070da00000| PB 0x000000070da00000| Untracked |  0
|  62|0x000000070dc00000, 0x000000070dc00000, 0x000000070de00000|  0%| F|  |TAMS 0x000000070dc00000| PB 0x000000070dc00000| Untracked |  0
|  63|0x000000070de00000, 0x000000070de00000, 0x000000070e000000|  0%| F|  |TAMS 0x000000070de00000| PB 0x000000070de00000| Untracked |  0
|  64|0x000000070e000000, 0x000000070e000000, 0x000000070e200000|  0%| F|  |TAMS 0x000000070e000000| PB 0x000000070e000000| Untracked |  0
|  65|0x000000070e200000, 0x000000070e200000, 0x000000070e400000|  0%| F|  |TAMS 0x000000070e200000| PB 0x000000070e200000| Untracked |  0
|  66|0x000000070e400000, 0x000000070e400000, 0x000000070e600000|  0%| F|  |TAMS 0x000000070e400000| PB 0x000000070e400000| Untracked |  0
|  67|0x000000070e600000, 0x000000070e600000, 0x000000070e800000|  0%| F|  |TAMS 0x000000070e600000| PB 0x000000070e600000| Untracked |  0
|  68|0x000000070e800000, 0x000000070e800000, 0x000000070ea00000|  0%| F|  |TAMS 0x000000070e800000| PB 0x000000070e800000| Untracked |  0
|  69|0x000000070ea00000, 0x000000070ea00000, 0x000000070ec00000|  0%| F|  |TAMS 0x000000070ea00000| PB 0x000000070ea00000| Untracked |  0
|  70|0x000000070ec00000, 0x000000070ec00000, 0x000000070ee00000|  0%| F|  |TAMS 0x000000070ec00000| PB 0x000000070ec00000| Untracked |  0
|  71|0x000000070ee00000, 0x000000070ee00000, 0x000000070f000000|  0%| F|  |TAMS 0x000000070ee00000| PB 0x000000070ee00000| Untracked |  0
|  72|0x000000070f000000, 0x000000070f000000, 0x000000070f200000|  0%| F|  |TAMS 0x000000070f000000| PB 0x000000070f000000| Untracked |  0
|  73|0x000000070f200000, 0x000000070f200000, 0x000000070f400000|  0%| F|  |TAMS 0x000000070f200000| PB 0x000000070f200000| Untracked |  0
|  74|0x000000070f400000, 0x000000070f400000, 0x000000070f600000|  0%| F|  |TAMS 0x000000070f400000| PB 0x000000070f400000| Untracked |  0
|  75|0x000000070f600000, 0x000000070f600000, 0x000000070f800000|  0%| F|  |TAMS 0x000000070f600000| PB 0x000000070f600000| Untracked |  0
|  76|0x000000070f800000, 0x000000070f800000, 0x000000070fa00000|  0%| F|  |TAMS 0x000000070f800000| PB 0x000000070f800000| Untracked |  0
|  77|0x000000070fa00000, 0x000000070fa00000, 0x000000070fc00000|  0%| F|  |TAMS 0x000000070fa00000| PB 0x000000070fa00000| Untracked |  0
|  78|0x000000070fc00000, 0x000000070fc00000, 0x000000070fe00000|  0%| F|  |TAMS 0x000000070fc00000| PB 0x000000070fc00000| Untracked |  0
|  79|0x000000070fe00000, 0x000000070fe00000, 0x0000000710000000|  0%| F|  |TAMS 0x000000070fe00000| PB 0x000000070fe00000| Untracked |  0
|  80|0x0000000710000000, 0x0000000710000000, 0x0000000710200000|  0%| F|  |TAMS 0x0000000710000000| PB 0x0000000710000000| Untracked |  0
|  81|0x0000000710200000, 0x0000000710200000, 0x0000000710400000|  0%| F|  |TAMS 0x0000000710200000| PB 0x0000000710200000| Untracked |  0
|  82|0x0000000710400000, 0x0000000710400000, 0x0000000710600000|  0%| F|  |TAMS 0x0000000710400000| PB 0x0000000710400000| Untracked |  0
|  83|0x0000000710600000, 0x0000000710600000, 0x0000000710800000|  0%| F|  |TAMS 0x0000000710600000| PB 0x0000000710600000| Untracked |  0
|  84|0x0000000710800000, 0x0000000710800000, 0x0000000710a00000|  0%| F|  |TAMS 0x0000000710800000| PB 0x0000000710800000| Untracked |  0
|  85|0x0000000710a00000, 0x0000000710a00000, 0x0000000710c00000|  0%| F|  |TAMS 0x0000000710a00000| PB 0x0000000710a00000| Untracked |  0
|  86|0x0000000710c00000, 0x0000000710c00000, 0x0000000710e00000|  0%| F|  |TAMS 0x0000000710c00000| PB 0x0000000710c00000| Untracked |  0
|  87|0x0000000710e00000, 0x0000000710e00000, 0x0000000711000000|  0%| F|  |TAMS 0x0000000710e00000| PB 0x0000000710e00000| Untracked |  0
|  88|0x0000000711000000, 0x0000000711000000, 0x0000000711200000|  0%| F|  |TAMS 0x0000000711000000| PB 0x0000000711000000| Untracked |  0
|  89|0x0000000711200000, 0x0000000711200000, 0x0000000711400000|  0%| F|  |TAMS 0x0000000711200000| PB 0x0000000711200000| Untracked |  0
|  90|0x0000000711400000, 0x0000000711400000, 0x0000000711600000|  0%| F|  |TAMS 0x0000000711400000| PB 0x0000000711400000| Untracked |  0
|  91|0x0000000711600000, 0x0000000711600000, 0x0000000711800000|  0%| F|  |TAMS 0x0000000711600000| PB 0x0000000711600000| Untracked |  0
|  92|0x0000000711800000, 0x0000000711800000, 0x0000000711a00000|  0%| F|  |TAMS 0x0000000711800000| PB 0x0000000711800000| Untracked |  0
|  93|0x0000000711a00000, 0x0000000711a84a28, 0x0000000711c00000| 25%| E|  |TAMS 0x0000000711a00000| PB 0x0000000711a00000| Complete |  0
|  94|0x0000000711c00000, 0x0000000711e00000, 0x0000000711e00000|100%| E|CS|TAMS 0x0000000711c00000| PB 0x0000000711c00000| Complete |  0
|  95|0x0000000711e00000, 0x0000000712000000, 0x0000000712000000|100%| E|CS|TAMS 0x0000000711e00000| PB 0x0000000711e00000| Complete |  0
|  96|0x0000000712000000, 0x0000000712200000, 0x0000000712200000|100%| E|CS|TAMS 0x0000000712000000| PB 0x0000000712000000| Complete |  0
|  97|0x0000000712200000, 0x0000000712400000, 0x0000000712400000|100%| E|CS|TAMS 0x0000000712200000| PB 0x0000000712200000| Complete |  0
|  98|0x0000000712400000, 0x0000000712600000, 0x0000000712600000|100%| E|CS|TAMS 0x0000000712400000| PB 0x0000000712400000| Complete |  0
|  99|0x0000000712600000, 0x0000000712800000, 0x0000000712800000|100%| E|CS|TAMS 0x0000000712600000| PB 0x0000000712600000| Complete |  0
| 100|0x0000000712800000, 0x0000000712a00000, 0x0000000712a00000|100%| E|CS|TAMS 0x0000000712800000| PB 0x0000000712800000| Complete |  0
| 101|0x0000000712a00000, 0x0000000712c00000, 0x0000000712c00000|100%| E|CS|TAMS 0x0000000712a00000| PB 0x0000000712a00000| Complete |  0
| 102|0x0000000712c00000, 0x0000000712e00000, 0x0000000712e00000|100%| E|CS|TAMS 0x0000000712c00000| PB 0x0000000712c00000| Complete |  0
| 103|0x0000000712e00000, 0x0000000713000000, 0x0000000713000000|100%| E|CS|TAMS 0x0000000712e00000| PB 0x0000000712e00000| Complete |  0
| 104|0x0000000713000000, 0x0000000713200000, 0x0000000713200000|100%| E|CS|TAMS 0x0000000713000000| PB 0x0000000713000000| Complete |  0
| 105|0x0000000713200000, 0x0000000713400000, 0x0000000713400000|100%| E|CS|TAMS 0x0000000713200000| PB 0x0000000713200000| Complete |  0
| 106|0x0000000713400000, 0x0000000713600000, 0x0000000713600000|100%| E|CS|TAMS 0x0000000713400000| PB 0x0000000713400000| Complete |  0
| 107|0x0000000713600000, 0x0000000713800000, 0x0000000713800000|100%| E|CS|TAMS 0x0000000713600000| PB 0x0000000713600000| Complete |  0
| 108|0x0000000713800000, 0x0000000713a00000, 0x0000000713a00000|100%| E|CS|TAMS 0x0000000713800000| PB 0x0000000713800000| Complete |  0
| 109|0x0000000713a00000, 0x0000000713c00000, 0x0000000713c00000|100%| E|CS|TAMS 0x0000000713a00000| PB 0x0000000713a00000| Complete |  0
| 110|0x0000000713c00000, 0x0000000713e00000, 0x0000000713e00000|100%| E|CS|TAMS 0x0000000713c00000| PB 0x0000000713c00000| Complete |  0
| 111|0x0000000713e00000, 0x0000000714000000, 0x0000000714000000|100%| E|CS|TAMS 0x0000000713e00000| PB 0x0000000713e00000| Complete |  0
| 112|0x0000000714000000, 0x0000000714200000, 0x0000000714200000|100%| E|CS|TAMS 0x0000000714000000| PB 0x0000000714000000| Complete |  0
| 113|0x0000000714200000, 0x0000000714400000, 0x0000000714400000|100%| E|CS|TAMS 0x0000000714200000| PB 0x0000000714200000| Complete |  0
| 114|0x0000000714400000, 0x0000000714600000, 0x0000000714600000|100%| E|CS|TAMS 0x0000000714400000| PB 0x0000000714400000| Complete |  0
| 115|0x0000000714600000, 0x0000000714800000, 0x0000000714800000|100%| E|CS|TAMS 0x0000000714600000| PB 0x0000000714600000| Complete |  0
| 116|0x0000000714800000, 0x0000000714a00000, 0x0000000714a00000|100%| E|CS|TAMS 0x0000000714800000| PB 0x0000000714800000| Complete |  0
| 117|0x0000000714a00000, 0x0000000714c00000, 0x0000000714c00000|100%| E|CS|TAMS 0x0000000714a00000| PB 0x0000000714a00000| Complete |  0
| 118|0x0000000714c00000, 0x0000000714e00000, 0x0000000714e00000|100%| E|CS|TAMS 0x0000000714c00000| PB 0x0000000714c00000| Complete |  0
| 119|0x0000000714e00000, 0x0000000715000000, 0x0000000715000000|100%| E|CS|TAMS 0x0000000714e00000| PB 0x0000000714e00000| Complete |  0
| 120|0x0000000715000000, 0x0000000715200000, 0x0000000715200000|100%| E|CS|TAMS 0x0000000715000000| PB 0x0000000715000000| Complete |  0
| 121|0x0000000715200000, 0x0000000715400000, 0x0000000715400000|100%| E|CS|TAMS 0x0000000715200000| PB 0x0000000715200000| Complete |  0
| 122|0x0000000715400000, 0x0000000715600000, 0x0000000715600000|100%| E|CS|TAMS 0x0000000715400000| PB 0x0000000715400000| Complete |  0
| 123|0x0000000715600000, 0x0000000715800000, 0x0000000715800000|100%| E|CS|TAMS 0x0000000715600000| PB 0x0000000715600000| Complete |  0
| 124|0x0000000715800000, 0x0000000715a00000, 0x0000000715a00000|100%| E|  |TAMS 0x0000000715800000| PB 0x0000000715800000| Complete |  0
| 125|0x0000000715a00000, 0x0000000715c00000, 0x0000000715c00000|100%| E|CS|TAMS 0x0000000715a00000| PB 0x0000000715a00000| Complete |  0
| 126|0x0000000715c00000, 0x0000000715e00000, 0x0000000715e00000|100%| E|CS|TAMS 0x0000000715c00000| PB 0x0000000715c00000| Complete |  0
| 127|0x0000000715e00000, 0x0000000716000000, 0x0000000716000000|100%| E|CS|TAMS 0x0000000715e00000| PB 0x0000000715e00000| Complete |  0
| 128|0x0000000716000000, 0x0000000716200000, 0x0000000716200000|100%| E|CS|TAMS 0x0000000716000000| PB 0x0000000716000000| Complete |  0
| 129|0x0000000716200000, 0x0000000716400000, 0x0000000716400000|100%| E|CS|TAMS 0x0000000716200000| PB 0x0000000716200000| Complete |  0
| 130|0x0000000716400000, 0x0000000716600000, 0x0000000716600000|100%| E|CS|TAMS 0x0000000716400000| PB 0x0000000716400000| Complete |  0
| 131|0x0000000716600000, 0x0000000716800000, 0x0000000716800000|100%| E|CS|TAMS 0x0000000716600000| PB 0x0000000716600000| Complete |  0
| 132|0x0000000716800000, 0x0000000716a00000, 0x0000000716a00000|100%| E|CS|TAMS 0x0000000716800000| PB 0x0000000716800000| Complete |  0
| 133|0x0000000716a00000, 0x0000000716c00000, 0x0000000716c00000|100%| E|CS|TAMS 0x0000000716a00000| PB 0x0000000716a00000| Complete |  0
| 134|0x0000000716c00000, 0x0000000716e00000, 0x0000000716e00000|100%| E|CS|TAMS 0x0000000716c00000| PB 0x0000000716c00000| Complete |  0
| 135|0x0000000716e00000, 0x0000000717000000, 0x0000000717000000|100%| E|CS|TAMS 0x0000000716e00000| PB 0x0000000716e00000| Complete |  0
| 136|0x0000000717000000, 0x0000000717200000, 0x0000000717200000|100%| E|CS|TAMS 0x0000000717000000| PB 0x0000000717000000| Complete |  0
| 137|0x0000000717200000, 0x0000000717400000, 0x0000000717400000|100%| E|CS|TAMS 0x0000000717200000| PB 0x0000000717200000| Complete |  0
| 138|0x0000000717400000, 0x0000000717600000, 0x0000000717600000|100%| E|CS|TAMS 0x0000000717400000| PB 0x0000000717400000| Complete |  0
| 139|0x0000000717600000, 0x0000000717800000, 0x0000000717800000|100%| E|CS|TAMS 0x0000000717600000| PB 0x0000000717600000| Complete |  0
| 140|0x0000000717800000, 0x0000000717a00000, 0x0000000717a00000|100%| E|CS|TAMS 0x0000000717800000| PB 0x0000000717800000| Complete |  0
| 141|0x0000000717a00000, 0x0000000717c00000, 0x0000000717c00000|100%| E|CS|TAMS 0x0000000717a00000| PB 0x0000000717a00000| Complete |  0
| 142|0x0000000717c00000, 0x0000000717e00000, 0x0000000717e00000|100%| E|CS|TAMS 0x0000000717c00000| PB 0x0000000717c00000| Complete |  0
|1997|0x00000007ffa00000, 0x00000007ffc00000, 0x00000007ffc00000|100%| O|  |TAMS 0x00000007ffa00000| PB 0x00000007ffa00000| Untracked |  0
|1998|0x00000007ffc00000, 0x00000007ffe00000, 0x00000007ffe00000|100%| O|  |TAMS 0x00000007ffc00000| PB 0x00000007ffc00000| Untracked |  0
|1999|0x00000007ffe00000, 0x0000000800000000, 0x0000000800000000|100%| E|CS|TAMS 0x00000007ffe00000| PB 0x00000007ffe00000| Complete |  0

Card table byte_map: [0x000076d8a7d18000,0x000076d8a84e8000] _byte_map_base: 0x000076d8a44e8000

Marking Bits: (CMBitMap*) 0x000076d8c00990a0
 Bits: [0x000076d8a3e98000, 0x000076d8a7d18000)

Polling page: 0x000076d8c6d4b000

Metaspace:
Metaspace        used 100075K, committed 101312K, reserved 1179648K
 class space     used 13967K, committed 14528K, reserved 1048576K

Usage:
  Non-class:     84.09 MB used.
      Class:     13.64 MB used.
       Both:     97.73 MB used.

Virtual space:
  Non-class space:      128.00 MB reserved,      84.75 MB ( 66%) committed,  2 nodes.
      Class space:        1.00 GB reserved,      14.19 MB (  1%) committed,  1 nodes.
             Both:        1.12 GB reserved,      98.94 MB (  9%) committed. 

Chunk freelists:
   Non-Class:  10.36 MB
       Class:  1.81 MB
        Both:  12.17 MB

MaxMetaspaceSize: unlimited
CompressedClassSpaceSize: 1.00 GB
Initial GC threshold: 21.00 MB
Current GC threshold: 111.69 MB
CDS: on
 - commit_granule_bytes: 65536.
 - commit_granule_words: 8192.
 - virtual_space_node_default_size: 8388608.
 - enlarge_chunks_in_place: 1.
UseCompressedClassPointers 1, UseCompactObjectHeaders 0
Narrow klass pointer bits 32, Max shift 3
Narrow klass base: 0x000000005e000000, Narrow klass shift: 0
Encoding Range: [0x000000005e000000 - 0x000000015e000000), (4294967296 bytes)
Klass Range:    [0x000000005e001000 - 0x000000009f000000), (1090514944 bytes)
Klass ID Range:  [4096 - 1090519033) (1090514937)
Protection zone: [0x000000005e000000 - 0x000000005e001000), (4096 bytes)


Internal statistics:

num_allocs_failed_limit: 22.
num_arena_births: 1296.
num_arena_deaths: 2.
num_vsnodes_births: 3.
num_vsnodes_deaths: 0.
num_space_committed: 1581.
num_space_uncommitted: 0.
num_chunks_returned_to_freelist: 24.
num_chunks_taken_from_freelist: 4823.
num_chunk_merges: 6.
num_chunk_splits: 3348.
num_chunks_enlarged: 2488.
num_inconsistent_stats: 0.

CodeHeap 'non-profiled nmethods': size=120032Kb used=4185Kb max_used=4185Kb free=115846Kb
 bounds [0x000076d8affb1000, 0x000076d8b03d1000, 0x000076d8b74e9000]
CodeHeap 'profiled nmethods': size=120032Kb used=12577Kb max_used=12577Kb free=107454Kb
 bounds [0x000076d8a84e8000, 0x000076d8a9138000, 0x000076d8afa20000]
CodeHeap 'non-nmethods': size=5700Kb used=2151Kb max_used=2279Kb free=3548Kb
 bounds [0x000076d8afa20000, 0x000076d8afc90000, 0x000076d8affb1000]
CodeCache: size=245764Kb, used=18913Kb, max_used=19041Kb, free=226848Kb
 total_blobs=10233, nmethods=9122, adapters=1006, full_count=0
Compilation: enabled, stopped_count=0, restarted_count=0

Compilation events (20 events):
Event: 56.967 Thread 0x000076d8c011d1d0 10018   !   4       com.lmax.disruptor.BatchEventProcessor::notifyTimeout (22 bytes)
Event: 56.968 Thread 0x000076d8c011d1d0 nmethod 10018 0x000076d8b03baa88 code [0x000076d8b03bab80, 0x000076d8b03bac40]
Event: 58.805 Thread 0x000076d8c011ebc0 10019       3       com.google.common.collect.ImmutableList::iterator (5 bytes)
Event: 58.806 Thread 0x000076d8c011ebc0 nmethod 10019 0x000076d8a912ee88 code [0x000076d8a912ef80, 0x000076d8a912f218]
Event: 58.806 Thread 0x000076d8c011ebc0 10020       3       com.google.common.collect.ImmutableList::listIterator (6 bytes)
Event: 58.806 Thread 0x000076d8c011ebc0 nmethod 10020 0x000076d8a912f288 code [0x000076d8a912f380, 0x000076d8a912f548]
Event: 61.154 Thread 0x000076d8c011ebc0 10021       3       java.util.concurrent.atomic.AtomicLong::getAndSet (12 bytes)
Event: 61.155 Thread 0x000076d8c011ebc0 nmethod 10021 0x000076d8a912f588 code [0x000076d8a912f680, 0x000076d8a912f788]
Event: 61.155 Thread 0x000076d8c011ebc0 10022       3       jdk.internal.misc.Unsafe::getAndSetLong (24 bytes)
Event: 61.155 Thread 0x000076d8c011ebc0 nmethod 10022 0x000076d8a912f888 code [0x000076d8a912f980, 0x000076d8a912fc30]
Event: 62.812 Thread 0x000076d8c011d1d0 10023       4       java.util.concurrent.ThreadPoolExecutor$Worker::unlock (7 bytes)
Event: 62.814 Thread 0x000076d8c011d1d0 nmethod 10023 0x000076d8b03bad88 code [0x000076d8b03bae80, 0x000076d8b03bb058]
Event: 63.012 Thread 0x000076d8c011d1d0 10024   !   4       java.util.concurrent.ThreadPoolExecutor::getTask (177 bytes)
Event: 63.105 Thread 0x000076d8c011d1d0 nmethod 10024 0x000076d8b03bb088 code [0x000076d8b03bb180, 0x000076d8b03befe0]
Event: 63.105 Thread 0x000076d8c011d1d0 10025       4       java.util.concurrent.ThreadPoolExecutor$Worker::lock (6 bytes)
Event: 63.106 Thread 0x000076d8c011d1d0 nmethod 10025 0x000076d8b03bf008 code [0x000076d8b03bf100, 0x000076d8b03bf2a0]
Event: 63.990 Thread 0x000076d8c011d1d0 10026   !   4       java.util.concurrent.ThreadPoolExecutor::getTask (177 bytes)
Event: 64.097 Thread 0x000076d8c011d1d0 nmethod 10026 0x000076d8b03bf308 code [0x000076d8b03bf400, 0x000076d8b03c33f0]
Event: 64.901 Thread 0x000076d8c011d1d0 10027   !   4       java.util.concurrent.ThreadPoolExecutor::getTask (177 bytes)
Event: 65.002 Thread 0x000076d8c011d1d0 nmethod 10027 0x000076d8b03c3488 code [0x000076d8b03c3580, 0x000076d8b03c7638]

GC Heap Usage History (20 events):
Event: 14.762 {heap Before GC invocations=13 (full 0):
 garbage-first heap   total reserved 4096000K, committed 114688K, used 95996K [0x0000000706000000, 0x0000000800000000)
  region size 2048K, 19 young (38912K), 3 survivors (6144K)
}
Event: 14.773 {heap After GC invocations=14 (full 0):
 garbage-first heap   total reserved 4096000K, committed 114688K, used 65568K [0x0000000706000000, 0x0000000800000000)
  region size 2048K, 1 young (2048K), 1 survivors (2048K)
}
Event: 14.957 {heap Before GC invocations=14 (full 0):
 garbage-first heap   total reserved 4096000K, committed 114688K, used 96288K [0x0000000706000000, 0x0000000800000000)
  region size 2048K, 17 young (34816K), 1 survivors (2048K)
}
Event: 14.969 {heap After GC invocations=15 (full 0):
 garbage-first heap   total reserved 4096000K, committed 114688K, used 69131K [0x0000000706000000, 0x0000000800000000)
  region size 2048K, 2 young (4096K), 2 survivors (4096K)
}
Event: 15.250 {heap Before GC invocations=16 (full 0):
 garbage-first heap   total reserved 4096000K, committed 120832K, used 99851K [0x0000000706000000, 0x0000000800000000)
  region size 2048K, 17 young (34816K), 2 survivors (4096K)
}
Event: 15.257 {heap After GC invocations=17 (full 0):
 garbage-first heap   total reserved 4096000K, committed 120832K, used 69752K [0x0000000706000000, 0x0000000800000000)
  region size 2048K, 2 young (4096K), 2 survivors (4096K)
}
Event: 15.507 {heap Before GC invocations=17 (full 0):
 garbage-first heap   total reserved 4096000K, committed 120832K, used 106616K [0x0000000706000000, 0x0000000800000000)
  region size 2048K, 20 young (40960K), 2 survivors (4096K)
}
Event: 15.518 {heap After GC invocations=18 (full 0):
 garbage-first heap   total reserved 4096000K, committed 247808K, used 66242K [0x0000000706000000, 0x0000000800000000)
  region size 2048K, 2 young (4096K), 2 survivors (4096K)
}
Event: 16.433 {heap Before GC invocations=18 (full 0):
 garbage-first heap   total reserved 4096000K, committed 247808K, used 199362K [0x0000000706000000, 0x0000000800000000)
  region size 2048K, 68 young (139264K), 2 survivors (4096K)
}
Event: 16.447 {heap After GC invocations=19 (full 0):
 garbage-first heap   total reserved 4096000K, committed 247808K, used 68156K [0x0000000706000000, 0x0000000800000000)
  region size 2048K, 3 young (6144K), 3 survivors (6144K)
}
Event: 17.556 {heap Before GC invocations=19 (full 0):
 garbage-first heap   total reserved 4096000K, committed 247808K, used 209468K [0x0000000706000000, 0x0000000800000000)
  region size 2048K, 72 young (147456K), 3 survivors (6144K)
}
Event: 17.575 {heap After GC invocations=20 (full 0):
 garbage-first heap   total reserved 4096000K, committed 247808K, used 71073K [0x0000000706000000, 0x0000000800000000)
  region size 2048K, 4 young (8192K), 4 survivors (8192K)
}
Event: 18.742 {heap Before GC invocations=20 (full 0):
 garbage-first heap   total reserved 4096000K, committed 247808K, used 210337K [0x0000000706000000, 0x0000000800000000)
  region size 2048K, 72 young (147456K), 4 survivors (8192K)
}
Event: 18.766 {heap After GC invocations=21 (full 0):
 garbage-first heap   total reserved 4096000K, committed 247808K, used 77068K [0x0000000706000000, 0x0000000800000000)
  region size 2048K, 7 young (14336K), 7 survivors (14336K)
}
Event: 19.696 {heap Before GC invocations=21 (full 0):
 garbage-first heap   total reserved 4096000K, committed 247808K, used 208140K [0x0000000706000000, 0x0000000800000000)
  region size 2048K, 72 young (147456K), 7 survivors (14336K)
}
Event: 19.733 {heap After GC invocations=22 (full 0):
 garbage-first heap   total reserved 4096000K, committed 299008K, used 87298K [0x0000000706000000, 0x0000000800000000)
  region size 2048K, 9 young (18432K), 9 survivors (18432K)
}
Event: 21.076 {heap Before GC invocations=22 (full 0):
 garbage-first heap   total reserved 4096000K, committed 299008K, used 247042K [0x0000000706000000, 0x0000000800000000)
  region size 2048K, 87 young (178176K), 9 survivors (18432K)
}
Event: 21.110 {heap After GC invocations=23 (full 0):
 garbage-first heap   total reserved 4096000K, committed 299008K, used 95582K [0x0000000706000000, 0x0000000800000000)
  region size 2048K, 5 young (10240K), 5 survivors (10240K)
}
Event: 23.649 {heap Before GC invocations=23 (full 0):
 garbage-first heap   total reserved 4096000K, committed 299008K, used 261470K [0x0000000706000000, 0x0000000800000000)
  region size 2048K, 87 young (178176K), 5 survivors (10240K)
}
Event: 23.703 {heap After GC invocations=24 (full 0):
 garbage-first heap   total reserved 4096000K, committed 299008K, used 112481K [0x0000000706000000, 0x0000000800000000)
  region size 2048K, 11 young (22528K), 11 survivors (22528K)
}

Metaspace Usage History (20 events):
Event: 14.762 {metaspace Before GC invocations=13 (full 0):
 Metaspace       used 65519K, committed 66496K, reserved 1114112K
  class space    used 8514K, committed 8896K, reserved 1048576K
}
Event: 14.773 {metaspace After GC invocations=14 (full 0):
 Metaspace       used 65519K, committed 66496K, reserved 1114112K
  class space    used 8514K, committed 8896K, reserved 1048576K
}
Event: 14.957 {metaspace Before GC invocations=14 (full 0):
 Metaspace       used 66022K, committed 67008K, reserved 1114112K
  class space    used 8543K, committed 8960K, reserved 1048576K
}
Event: 14.969 {metaspace After GC invocations=15 (full 0):
 Metaspace       used 66022K, committed 67008K, reserved 1114112K
  class space    used 8543K, committed 8960K, reserved 1048576K
}
Event: 15.250 {metaspace Before GC invocations=16 (full 0):
 Metaspace       used 67813K, committed 68800K, reserved 1114112K
  class space    used 8705K, committed 9152K, reserved 1048576K
}
Event: 15.257 {metaspace After GC invocations=17 (full 0):
 Metaspace       used 67813K, committed 68800K, reserved 1114112K
  class space    used 8705K, committed 9152K, reserved 1048576K
}
Event: 15.507 {metaspace Before GC invocations=17 (full 0):
 Metaspace       used 67975K, committed 68928K, reserved 1114112K
  class space    used 8712K, committed 9152K, reserved 1048576K
}
Event: 15.518 {metaspace After GC invocations=18 (full 0):
 Metaspace       used 67975K, committed 68928K, reserved 1114112K
  class space    used 8712K, committed 9152K, reserved 1048576K
}
Event: 16.433 {metaspace Before GC invocations=18 (full 0):
 Metaspace       used 69145K, committed 70144K, reserved 1114112K
  class space    used 8834K, committed 9280K, reserved 1048576K
}
Event: 16.447 {metaspace After GC invocations=19 (full 0):
 Metaspace       used 69145K, committed 70144K, reserved 1114112K
  class space    used 8834K, committed 9280K, reserved 1048576K
}
Event: 17.556 {metaspace Before GC invocations=19 (full 0):
 Metaspace       used 74967K, committed 75968K, reserved 1179648K
  class space    used 9222K, committed 9664K, reserved 1048576K
}
Event: 17.575 {metaspace After GC invocations=20 (full 0):
 Metaspace       used 74967K, committed 75968K, reserved 1179648K
  class space    used 9222K, committed 9664K, reserved 1048576K
}
Event: 18.742 {metaspace Before GC invocations=20 (full 0):
 Metaspace       used 76491K, committed 77504K, reserved 1179648K
  class space    used 9496K, committed 9920K, reserved 1048576K
}
Event: 18.766 {metaspace After GC invocations=21 (full 0):
 Metaspace       used 76491K, committed 77504K, reserved 1179648K
  class space    used 9496K, committed 9920K, reserved 1048576K
}
Event: 19.696 {metaspace Before GC invocations=21 (full 0):
 Metaspace       used 77942K, committed 78976K, reserved 1179648K
  class space    used 9733K, committed 10176K, reserved 1048576K
}
Event: 19.733 {metaspace After GC invocations=22 (full 0):
 Metaspace       used 77942K, committed 78976K, reserved 1179648K
  class space    used 9733K, committed 10176K, reserved 1048576K
}
Event: 21.076 {metaspace Before GC invocations=22 (full 0):
 Metaspace       used 78897K, committed 79872K, reserved 1179648K
  class space    used 9869K, committed 10304K, reserved 1048576K
}
Event: 21.110 {metaspace After GC invocations=23 (full 0):
 Metaspace       used 78897K, committed 79872K, reserved 1179648K
  class space    used 9869K, committed 10304K, reserved 1048576K
}
Event: 23.649 {metaspace Before GC invocations=23 (full 0):
 Metaspace       used 91529K, committed 92672K, reserved 1179648K
  class space    used 12306K, committed 12800K, reserved 1048576K
}
Event: 23.703 {metaspace After GC invocations=24 (full 0):
 Metaspace       used 91529K, committed 92672K, reserved 1179648K
  class space    used 12306K, committed 12800K, reserved 1048576K
}

Dll operation events (20 events):
Event: 5.245 Attempting to load shared library /tmp/native-9958825616360182994.so
Event: 5.248 Loaded shared library /tmp/native-9958825616360182994.so
Event: 5.250 Attempting to load shared library /tmp/native-10652946223241463844.so
Event: 5.253 Loaded shared library /tmp/native-10652946223241463844.so
Event: 6.864 Attempting to load shared library /usr/local/sdkman/candidates/java/25.0.4+1-ms/lib/libverify.so
Event: 6.864 Loaded shared library /usr/local/sdkman/candidates/java/25.0.4+1-ms/lib/libverify.so
Event: 7.458 Attempting to load shared library /usr/local/sdkman/candidates/java/25.0.4+1-ms/lib/libawt.so
Event: 7.458 Loaded shared library /usr/local/sdkman/candidates/java/25.0.4+1-ms/lib/libawt.so
Event: 7.459 Attempting to load shared library /usr/local/sdkman/candidates/java/25.0.4+1-ms/lib/libawt_headless.so
Event: 7.459 Loaded shared library /usr/local/sdkman/candidates/java/25.0.4+1-ms/lib/libawt_headless.so
Event: 11.199 Attempting to load shared library /tmp/sqlite-3.53.0.0-5625d878-d90d-494d-bc9a-f9c16a5546f9-libsqlitejdbc.so
Event: 11.200 Loaded shared library /tmp/sqlite-3.53.0.0-5625d878-d90d-494d-bc9a-f9c16a5546f9-libsqlitejdbc.so
Event: 12.522 Attempting to load shared library /usr/local/sdkman/candidates/java/25.0.4+1-ms/lib/libextnet.so
Event: 12.522 Loaded shared library /usr/local/sdkman/candidates/java/25.0.4+1-ms/lib/libextnet.so
Event: 14.064 Attempting to load shared library /usr/local/sdkman/candidates/java/25.0.4+1-ms/lib/libfontmanager.so
Event: 14.065 Loaded shared library /usr/local/sdkman/candidates/java/25.0.4+1-ms/lib/libfontmanager.so
Event: 14.180 Attempting to load shared library /usr/local/sdkman/candidates/java/25.0.4+1-ms/lib/libmlib_image.so
Event: 14.180 Loaded shared library /usr/local/sdkman/candidates/java/25.0.4+1-ms/lib/libmlib_image.so
Event: 17.157 Attempting to load shared library /tmp/sqlite-3.50.3.0-144298ef-6731-4685-bfcb-622e9390b853-libsqlitejdbc.so
Event: 17.157 Loaded shared library /tmp/sqlite-3.50.3.0-144298ef-6731-4685-bfcb-622e9390b853-libsqlitejdbc.so

Deoptimization events (20 events):
Event: 63.134 Thread 0x000076d83400f830 Uncommon trap: trap_request=0xffffffd6 fr.pc=0x000076d8b03bce60 relative=0x0000000000001ce0
Event: 63.134 Thread 0x000076d83400f830 Uncommon trap: reason=array_check action=maybe_recompile pc=0x000076d8b03bce60 method=java.util.concurrent.ScheduledThreadPoolExecutor$DelayedWorkQueue.siftDown(ILjava/util/concurrent/RunnableScheduledFuture;)V @ 93 c2
Event: 63.134 Thread 0x000076d83400f830 DEOPT PACKING pc=0x000076d8b03bce60 sp=0x000076d83f9ea7e0
Event: 63.134 Thread 0x000076d83400f830 DEOPT UNPACKING pc=0x000076d8afaabdf9 sp=0x000076d83f9ea5c8 mode 2
Event: 63.149 Thread 0x000076d83400f830 Uncommon trap: trap_request=0xffffffd6 fr.pc=0x000076d8b03bce60 relative=0x0000000000001ce0
Event: 63.149 Thread 0x000076d83400f830 Uncommon trap: reason=array_check action=maybe_recompile pc=0x000076d8b03bce60 method=java.util.concurrent.ScheduledThreadPoolExecutor$DelayedWorkQueue.siftDown(ILjava/util/concurrent/RunnableScheduledFuture;)V @ 93 c2
Event: 63.149 Thread 0x000076d83400f830 DEOPT PACKING pc=0x000076d8b03bce60 sp=0x000076d83f9ea7e0
Event: 63.149 Thread 0x000076d83400f830 DEOPT UNPACKING pc=0x000076d8afaabdf9 sp=0x000076d83f9ea5c8 mode 2
Event: 63.173 Thread 0x000076d83400f830 Uncommon trap: trap_request=0xffffffd6 fr.pc=0x000076d8b03bce60 relative=0x0000000000001ce0
Event: 63.173 Thread 0x000076d83400f830 Uncommon trap: reason=array_check action=maybe_recompile pc=0x000076d8b03bce60 method=java.util.concurrent.ScheduledThreadPoolExecutor$DelayedWorkQueue.siftDown(ILjava/util/concurrent/RunnableScheduledFuture;)V @ 93 c2
Event: 63.173 Thread 0x000076d83400f830 DEOPT PACKING pc=0x000076d8b03bce60 sp=0x000076d83f9ea7e0
Event: 63.173 Thread 0x000076d83400f830 DEOPT UNPACKING pc=0x000076d8afaabdf9 sp=0x000076d83f9ea5c8 mode 2
Event: 64.134 Thread 0x000076d83400f830 Uncommon trap: trap_request=0xffffffd6 fr.pc=0x000076d8b03c0ef4 relative=0x0000000000001af4
Event: 64.134 Thread 0x000076d83400f830 Uncommon trap: reason=array_check action=maybe_recompile pc=0x000076d8b03c0ef4 method=java.util.concurrent.ScheduledThreadPoolExecutor$DelayedWorkQueue.siftDown(ILjava/util/concurrent/RunnableScheduledFuture;)V @ 112 c2
Event: 64.134 Thread 0x000076d83400f830 DEOPT PACKING pc=0x000076d8b03c0ef4 sp=0x000076d83f9ea7e0
Event: 64.134 Thread 0x000076d83400f830 DEOPT UNPACKING pc=0x000076d8afaabdf9 sp=0x000076d83f9ea5c8 mode 2
Event: 64.142 Thread 0x000076d83400f830 Uncommon trap: trap_request=0xffffffd6 fr.pc=0x000076d8b03c0ef4 relative=0x0000000000001af4
Event: 64.142 Thread 0x000076d83400f830 Uncommon trap: reason=array_check action=maybe_recompile pc=0x000076d8b03c0ef4 method=java.util.concurrent.ScheduledThreadPoolExecutor$DelayedWorkQueue.siftDown(ILjava/util/concurrent/RunnableScheduledFuture;)V @ 112 c2
Event: 64.142 Thread 0x000076d83400f830 DEOPT PACKING pc=0x000076d8b03c0ef4 sp=0x000076d83f9ea7e0
Event: 64.142 Thread 0x000076d83400f830 DEOPT UNPACKING pc=0x000076d8afaabdf9 sp=0x000076d83f9ea5c8 mode 2

Classes loaded (20 events):
Event: 24.918 Loading class sun/util/locale/provider/BreakIteratorProviderImpl$GraphemeBreakIterator
Event: 24.918 Loading class sun/util/locale/provider/BreakIteratorProviderImpl$GraphemeBreakIterator done
Event: 24.918 Loading class java/text/StringCharacterIterator
Event: 24.918 Loading class java/text/StringCharacterIterator done
Event: 24.919 Loading class sun/util/locale/provider/BreakIteratorProviderImpl$CharacterIteratorCharSequence
Event: 24.919 Loading class sun/util/locale/provider/BreakIteratorProviderImpl$CharacterIteratorCharSequence done
Event: 24.920 Loading class java/text/BreakIterator$BreakIteratorCache
Event: 24.920 Loading class java/text/BreakIterator$BreakIteratorCache done
Event: 24.928 Loading class jdk/internal/util/regex/Grapheme
Event: 24.928 Loading class jdk/internal/util/regex/Grapheme done
Event: 24.928 Loading class jdk/internal/util/regex/IndicConjunctBreak
Event: 24.928 Loading class jdk/internal/util/regex/IndicConjunctBreak done
Event: 25.419 Loading class com/sun/crypto/provider/RSACipher
Event: 25.419 Loading class com/sun/crypto/provider/RSACipher done
Event: 25.425 Loading class sun/security/rsa/RSAPrivateKeyImpl
Event: 25.425 Loading class sun/security/rsa/RSAPrivateKeyImpl done
Event: 25.425 Loading class sun/security/rsa/RSACore
Event: 25.426 Loading class sun/security/rsa/RSACore done
Event: 25.426 Loading class sun/security/rsa/RSAPadding
Event: 25.426 Loading class sun/security/rsa/RSAPadding done

Classes unloaded (1 events):
Event: 15.154 Thread 0x000076d8c01088c0 Unloading class 0x000000005f8c8000 'java/lang/invoke/LambdaForm$DMH+0x000000005f8c8000'

Classes redefined (0 events):
No events

Internal exceptions (20 events):
Event: 23.208 Thread 0x000076d835111150 Exception <a 'java/lang/NoSuchMethodError'{0x000000070ff92e90}: 'java.lang.Object java.lang.invoke.DirectMethodHandle$Holder.newInvokeSpecial(java.lang.Object, java.lang.Object, java.lang.Object, java.lang.Object, java.lang.Object, java.lang.Object, java.lang.Object, java.lang.Object, java.lang.Object)'> (0x000000070ff92e90) 
thrown [src/hotspot/share/interpreter/linkResolver.cpp, line 803]
Event: 23.241 Thread 0x000076d835119dd0 Exception <a 'java/lang/NoSuchMethodError'{0x000000070fda8bf0}: 'java.lang.Object java.lang.invoke.DirectMethodHandle$Holder.invokeVirtual(java.lang.Object, java.lang.Object, int)'> (0x000000070fda8bf0) 
thrown [src/hotspot/share/interpreter/linkResolver.cpp, line 803]
Event: 23.580 Thread 0x000076d835111150 Exception <a 'java/lang/IncompatibleClassChangeError'{0x000000070d4bb438}: Found class java.lang.Object, but interface was expected> (0x000000070d4bb438) 
thrown [src/hotspot/share/interpreter/linkResolver.cpp, line 871]
Event: 23.885 Thread 0x000076d8c0d4eb40 Exception <a 'java/lang/NoSuchMethodError'{0x0000000717871500}: 'java.lang.Object java.lang.invoke.DirectMethodHandle$Holder.invokeVirtual(java.lang.Object, java.lang.Object, java.lang.Object, java.lang.Object)'> (0x0000000717871500) 
thrown [src/hotspot/share/interpreter/linkResolver.cpp, line 803]
Event: 24.257 Thread 0x000076d835119dd0 Exception <a 'java/lang/NoSuchMethodError'{0x0000000715d33c00}: 'java.lang.Object java.lang.invoke.DirectMethodHandle$Holder.invokeStatic(java.lang.Object, int, int)'> (0x0000000715d33c00) 
thrown [src/hotspot/share/interpreter/linkResolver.cpp, line 803]
Event: 24.257 Thread 0x000076d835119dd0 Exception <a 'java/lang/NoSuchMethodError'{0x0000000715d3ba08}: 'java.lang.Object java.lang.invoke.DirectMethodHandle$Holder.invokeStaticInit(java.lang.Object, int, int)'> (0x0000000715d3ba08) 
thrown [src/hotspot/share/interpreter/linkResolver.cpp, line 803]
Event: 24.390 Thread 0x000076d835119dd0 Exception <a 'java/lang/NoSuchMethodError'{0x000000071505f118}: 'java.lang.Object java.lang.invoke.DirectMethodHandle$Holder.newInvokeSpecial(java.lang.Object, java.lang.Object, java.lang.Object, java.lang.Object, java.lang.Object, java.lang.Object, java.lang.Object, java.lang.Object)'> (0x000000071505f118) 
thrown [src/hotspot/share/interpreter/linkResolver.cpp, line 803]
Event: 24.428 Thread 0x000076d83511e5e0 Exception <a 'java/lang/NoSuchMethodError'{0x0000000714a20308}: 'int java.lang.invoke.DirectMethodHandle$Holder.invokeStaticInit(java.lang.Object, int)'> (0x0000000714a20308) 
thrown [src/hotspot/share/interpreter/linkResolver.cpp, line 803]
Event: 24.465 Thread 0x000076d83511e5e0 Exception <a 'java/lang/IncompatibleClassChangeError'{0x0000000714502ad8}: Found class java.lang.Object, but interface was expected> (0x0000000714502ad8) 
thrown [src/hotspot/share/interpreter/linkResolver.cpp, line 871]
Event: 24.509 Thread 0x000076d835111150 Exception <a 'java/lang/IncompatibleClassChangeError'{0x000000071437e4b8}: Found class java.lang.Object, but interface was expected> (0x000000071437e4b8) 
thrown [src/hotspot/share/interpreter/linkResolver.cpp, line 871]
Event: 24.600 Thread 0x000076d835111150 Exception <a 'java/lang/NoSuchMethodError'{0x0000000713487858}: 'java.lang.Object java.lang.invoke.DirectMethodHandle$Holder.newInvokeSpecial(java.lang.Object, java.lang.Object, float)'> (0x0000000713487858) 
thrown [src/hotspot/share/interpreter/linkResolver.cpp, line 803]
Event: 24.693 Thread 0x000076d8c0d4eb40 Exception <a 'java/lang/IncompatibleClassChangeError'{0x0000000712aae0e8}: Found class java.lang.Object, but interface was expected> (0x0000000712aae0e8) 
thrown [src/hotspot/share/interpreter/linkResolver.cpp, line 871]
Event: 24.740 Thread 0x000076d81c053ff0 Implicit null exception at 0x000076d8b028b72e to 0x000076d8b028bcfc
Event: 24.740 Thread 0x000076d81c053ff0 Implicit null exception at 0x000076d8b028a7b1 to 0x000076d8b028ad5c
Event: 24.740 Thread 0x000076d81c053ff0 Implicit null exception at 0x000076d8b005dfb2 to 0x000076d8b005e1e0
Event: 24.741 Thread 0x000076d81c053ff0 Implicit null exception at 0x000076d8b01131ae to 0x000076d8b01131e8
Event: 24.743 Thread 0x000076d8c0029ff0 Exception <a 'java/lang/NoSuchMethodError'{0x00000007126441f0}: 'void java.lang.invoke.Invokers$Holder.invokeExact_MT(java.lang.Object, java.lang.Object, java.lang.Object, java.lang.Object, java.lang.Object)'> (0x00000007126441f0) 
thrown [src/hotspot/share/interpreter/linkResolver.cpp, line 803]
Event: 24.838 Thread 0x000076d8c0029ff0 Exception <a 'java/lang/NoSuchMethodError'{0x000000071251cb10}: 'long java.lang.invoke.DirectMethodHandle$Holder.invokeStaticInit(java.lang.Object, long, long)'> (0x000000071251cb10) 
thrown [src/hotspot/share/interpreter/linkResolver.cpp, line 803]
Event: 24.903 Thread 0x000076d8c0029ff0 Exception <a 'java/lang/NoSuchMethodError'{0x0000000711e17590}: 'int java.lang.invoke.DirectMethodHandle$Holder.invokeSpecial(java.lang.Object, java.lang.Object, int, long, java.lang.Object)'> (0x0000000711e17590) 
thrown [src/hotspot/share/interpreter/linkResolver.cpp, line 803]
Event: 24.939 Thread 0x000076d8c0029ff0 Exception <a 'java/lang/NoSuchMethodError'{0x0000000711eb17a8}: 'void java.lang.invoke.DelegatingMethodHandle$Holder.reinvoke_L(java.lang.Object, java.lang.Object, java.lang.Object, long, long)'> (0x0000000711eb17a8) 
thrown [src/hotspot/share/interpreter/linkResolver.cpp, line 803]

VM Operations (20 events):
Event: 21.073 Executing safepoint VM operation: G1CollectForAllocation (G1 Evacuation Pause)
Event: 21.118 Executing safepoint VM operation: G1CollectForAllocation (G1 Evacuation Pause) done
Event: 23.495 Executing non-safepoint VM operation: HandshakeAllThreads (Deoptimize)
Event: 23.509 Executing non-safepoint VM operation: HandshakeAllThreads (Deoptimize) done
Event: 23.647 Executing safepoint VM operation: G1CollectForAllocation (G1 Evacuation Pause)
Event: 23.707 Executing safepoint VM operation: G1CollectForAllocation (G1 Evacuation Pause) done
Event: 24.141 Executing non-safepoint VM operation: HandshakeAllThreads (Deoptimize)
Event: 24.141 Executing non-safepoint VM operation: HandshakeAllThreads (Deoptimize) done
Event: 24.773 Executing non-safepoint VM operation: HandshakeAllThreads (Deoptimize)
Event: 24.774 Executing non-safepoint VM operation: HandshakeAllThreads (Deoptimize) done
Event: 24.937 Executing non-safepoint VM operation: HandshakeAllThreads (CloseScopedMemory)
Event: 24.937 Executing non-safepoint VM operation: HandshakeAllThreads (CloseScopedMemory) done
Event: 24.951 Executing non-safepoint VM operation: HandshakeAllThreads (CloseScopedMemory)
Event: 24.954 Executing non-safepoint VM operation: HandshakeAllThreads (CloseScopedMemory) done
Event: 24.960 Executing non-safepoint VM operation: HandshakeAllThreads (CloseScopedMemory)
Event: 24.960 Executing non-safepoint VM operation: HandshakeAllThreads (CloseScopedMemory) done
Event: 60.236 Executing non-safepoint VM operation: HandshakeAllThreads (HandshakeForDeflation)
Event: 60.236 Executing non-safepoint VM operation: HandshakeAllThreads (HandshakeForDeflation) done
Event: 60.236 Executing non-safepoint VM operation: RendezvousGCThreads
Event: 60.236 Executing non-safepoint VM operation: RendezvousGCThreads done

Memory protections (20 events):
Event: 15.316 Protecting memory [0x000076d83dabb000,0x000076d83dabf000] with protection modes 0
Event: 15.392 Protecting memory [0x000076d83d9bb000,0x000076d83d9bf000] with protection modes 0
Event: 15.807 Protecting memory [0x000076d83d9bb000,0x000076d83d9bf000] with protection modes 0
Event: 16.359 Protecting memory [0x000076d83dabb000,0x000076d83dabf000] with protection modes 0
Event: 17.754 Protecting memory [0x000076d83d9bb000,0x000076d83d9bf000] with protection modes 0
Event: 22.632 Protecting memory [0x000076d83e2bb000,0x000076d83e2bf000] with protection modes 0
Event: 23.129 Protecting memory [0x000076d83e2bb000,0x000076d83e2bf000] with protection modes 0
Event: 23.138 Protecting memory [0x000076d83dfbb000,0x000076d83dfbf000] with protection modes 0
Event: 23.170 Protecting memory [0x000076d83e1bb000,0x000076d83e1bf000] with protection modes 0
Event: 23.198 Protecting memory [0x000076d83e0bb000,0x000076d83e0bf000] with protection modes 0
Event: 24.689 Protecting memory [0x000076d83d8bb000,0x000076d83d8bf000] with protection modes 0
Event: 24.709 Protecting memory [0x000076d83d7bb000,0x000076d83d7bf000] with protection modes 0
Event: 24.718 Protecting memory [0x000076d83d6bb000,0x000076d83d6bf000] with protection modes 0
Event: 24.729 Protecting memory [0x000076d83cf00000,0x000076d83cf04000] with protection modes 0
Event: 24.731 Protecting memory [0x000076d83d3fd000,0x000076d83d401000] with protection modes 0
Event: 24.750 Protecting memory [0x000076d83e0bb000,0x000076d83e0bf000] with protection modes 0
Event: 24.777 Protecting memory [0x000076d83e0bb000,0x000076d83e0bf000] with protection modes 0
Event: 24.798 Protecting memory [0x000076d83dfbb000,0x000076d83dfbf000] with protection modes 0
Event: 24.807 Protecting memory [0x000076d83e2bb000,0x000076d83e2bf000] with protection modes 0
Event: 24.952 Protecting memory [0x000076d83e1bb000,0x000076d83e1bf000] with protection modes 0

Nmethod flushes (20 events):
Event: 15.171 Thread 0x000076d8c01088c0 flushing  nmethod 0x000076d8a899bc08
Event: 15.171 Thread 0x000076d8c01088c0 flushing  nmethod 0x000076d8a899cf08
Event: 15.171 Thread 0x000076d8c01088c0 flushing  nmethod 0x000076d8a89b0988
Event: 15.171 Thread 0x000076d8c01088c0 flushing  nmethod 0x000076d8a89b2108
Event: 15.171 Thread 0x000076d8c01088c0 flushing  nmethod 0x000076d8a89c0388
Event: 15.171 Thread 0x000076d8c01088c0 flushing  nmethod 0x000076d8a89c3b08
Event: 15.171 Thread 0x000076d8c01088c0 flushing  nmethod 0x000076d8a89dd888
Event: 15.171 Thread 0x000076d8c01088c0 flushing  nmethod 0x000076d8a8a02e08
Event: 15.171 Thread 0x000076d8c01088c0 flushing osr nmethod 0x000076d8a8a12208
Event: 15.171 Thread 0x000076d8c01088c0 flushing  nmethod 0x000076d8a8a14688
Event: 15.171 Thread 0x000076d8c01088c0 flushing  nmethod 0x000076d8a8a1d208
Event: 15.171 Thread 0x000076d8c01088c0 flushing  nmethod 0x000076d8a8a1d508
Event: 15.171 Thread 0x000076d8c01088c0 flushing  nmethod 0x000076d8a8a22808
Event: 15.171 Thread 0x000076d8c01088c0 flushing  nmethod 0x000076d8a8a22b88
Event: 15.171 Thread 0x000076d8c01088c0 flushing  nmethod 0x000076d8a8a22e88
Event: 15.171 Thread 0x000076d8c01088c0 flushing  nmethod 0x000076d8a8a23188
Event: 15.171 Thread 0x000076d8c01088c0 flushing  nmethod 0x000076d8a8a29e88
Event: 15.171 Thread 0x000076d8c01088c0 flushing  nmethod 0x000076d8a8a2a688
Event: 15.171 Thread 0x000076d8c01088c0 flushing  nmethod 0x000076d8a8a2a988
Event: 15.171 Thread 0x000076d8c01088c0 flushing  nmethod 0x000076d8a8abd288

Events (20 events):
Event: 23.138 Thread 0x000076d8c0d4eb40 Thread added: 0x000076d835111150
Event: 23.168 Thread 0x000076d8c0d4eb40 Thread added: 0x000076d835119dd0
Event: 23.198 Thread 0x000076d8c0d4eb40 Thread added: 0x000076d83511e5e0
Event: 24.688 Thread 0x000076d83400f830 Thread added: 0x000076d82c0103a0
Event: 24.709 Thread 0x000076d83400f830 Thread added: 0x000076d82c0117e0
Event: 24.716 Thread 0x000076d82c0117e0 Thread added: 0x000076d81c051a60
Event: 24.728 Thread 0x000076d82c0117e0 Thread added: 0x000076d81c053ff0
Event: 24.729 Thread 0x000076d83400f830 Thread added: 0x000076d82c012df0
Event: 24.732 Thread 0x000076d835119dd0 Thread exited: 0x000076d835119dd0
Event: 24.732 Thread 0x000076d8350e0800 Thread exited: 0x000076d8350e0800
Event: 24.732 Thread 0x000076d835111150 Thread exited: 0x000076d835111150
Event: 24.734 Thread 0x000076d83511e5e0 Thread exited: 0x000076d83511e5e0
Event: 24.750 Thread 0x000076d82c0103a0 Thread added: 0x0000567f923ab1f0
Event: 24.750 Thread 0x0000567f923ab1f0 Thread exited: 0x0000567f923ab1f0
Event: 24.774 Thread 0x000076d8c0029ff0 Thread added: 0x000076d8c09105f0
Event: 24.798 Thread 0x000076d82c00b8c0 Thread added: 0x000076d86c4ad3f0
Event: 24.806 Thread 0x000076d8c0029ff0 Thread added: 0x000076d8c093b600
Event: 24.950 Thread 0x000076d8c0029ff0 Thread added: 0x000076d8c0b81430
Event: 26.026 Thread 0x000076d860a6e6e0 Thread exited: 0x000076d860a6e6e0
Event: 38.445 Thread 0x000076d84c023780 Thread exited: 0x000076d84c023780


Dynamic libraries:
5e000000-5e001000 ---p 00000000 00:00 0 
5e001000-5e4ab000 rw-p 00001000 00:2d 1225620                            /usr/local/sdkman/candidates/java/25.0.4+1-ms/lib/server/classes.jsa
5e4ab000-5ed8d000 rw-p 004ab000 00:2d 1225620                            /usr/local/sdkman/candidates/java/25.0.4+1-ms/lib/server/classes.jsa
5ed8d000-5f000000 ---p 00000000 00:00 0 
5f000000-5f030000 rw-p 00000000 00:00 0 
5f030000-5f0f0000 rw-p 00000000 00:00 0 
5f0f0000-5f130000 rw-p 00000000 00:00 0 
5f130000-5f170000 rw-p 00000000 00:00 0 
5f170000-5f2b0000 rw-p 00000000 00:00 0 
5f2b0000-5f2f0000 rw-p 00000000 00:00 0 
5f2f0000-5f4b0000 rw-p 00000000 00:00 0 
5f4b0000-5f4f0000 rw-p 00000000 00:00 0 
5f4f0000-5f5f0000 rw-p 00000000 00:00 0 
5f5f0000-5f7d0000 rw-p 00000000 00:00 0 
5f7d0000-5f830000 rw-p 00000000 00:00 0 
5f830000-5f8b0000 rw-p 00000000 00:00 0 
5f8b0000-5f8c0000 ---p 00000000 00:00 0 
5f8c0000-5fe40000 rw-p 00000000 00:00 0 
5fe40000-9f000000 ---p 00000000 00:00 0 
706000000-717e00000 rw-p 00000000 00:00 0 
717e00000-7ffa00000 ---p 00000000 00:00 0 
7ffa00000-7ffe00000 rw-p 00000000 00:00 0 
7ffe00000-7fff22000 rw-p 00dc0000 00:2d 1225620                          /usr/local/sdkman/candidates/java/25.0.4+1-ms/lib/server/classes.jsa
7fff22000-800000000 rw-p 00000000 00:00 0 
567f8a526000-567f8a527000 r-xp 00000000 00:2d 1225112                    /usr/local/sdkman/candidates/java/25.0.4+1-ms/bin/java
567f8a528000-567f8a529000 r--p 00001000 00:2d 1225112                    /usr/local/sdkman/candidates/java/25.0.4+1-ms/bin/java
567f8a529000-567f8a52a000 rw-p 00002000 00:2d 1225112                    /usr/local/sdkman/candidates/java/25.0.4+1-ms/bin/java
567f923a7000-567f923f0000 rw-p 00000000 00:00 0                          [heap]
76d818000000-76d818210000 rw-p 00000000 00:00 0 
76d818210000-76d8193f0000 rw-p 00000000 00:00 0 
76d8193f0000-76d8194b0000 rw-p 00000000 00:00 0 
76d8194b0000-76d819500000 ---p 00000000 00:00 0 
76d819500000-76d819510000 rw-p 00000000 00:00 0 
76d819510000-76d81c000000 ---p 00000000 00:00 0 
76d81c000000-76d81c1ab000 rw-p 00000000 00:00 0 
76d81c1ab000-76d820000000 ---p 00000000 00:00 0 
76d824000000-76d8240d6000 rw-p 00000000 00:00 0 
76d8240d6000-76d828000000 ---p 00000000 00:00 0 
76d828000000-76d8280a8000 rw-p 00000000 00:00 0 
76d8280a8000-76d82c000000 ---p 00000000 00:00 0 
76d82c000000-76d82c021000 rw-p 00000000 00:00 0 
76d82c021000-76d830000000 ---p 00000000 00:00 0 
76d830000000-76d830021000 rw-p 00000000 00:00 0 
76d830021000-76d834000000 ---p 00000000 00:00 0 
76d834000000-76d835261000 rw-p 00000000 00:00 0 
76d835261000-76d838000000 ---p 00000000 00:00 0 
76d838000000-76d83806f000 rw-p 00000000 00:00 0 
76d83806f000-76d83c000000 ---p 00000000 00:00 0 
76d83cf00000-76d83cf04000 ---p 00000000 00:00 0 
76d83cf04000-76d83d000000 rw-p 00000000 00:00 0 
76d83d000000-76d83d0fe000 r-xp 00000000 08:01 7602210                    /tmp/sqlite-3.50.3.0-144298ef-6731-4685-bfcb-622e9390b853-libsqlitejdbc.so
76d83d0fe000-76d83d2fe000 ---p 000fe000 08:01 7602210                    /tmp/sqlite-3.50.3.0-144298ef-6731-4685-bfcb-622e9390b853-libsqlitejdbc.so
76d83d2fe000-76d83d306000 rw-p 000fe000 08:01 7602210                    /tmp/sqlite-3.50.3.0-144298ef-6731-4685-bfcb-622e9390b853-libsqlitejdbc.so
76d83d3fd000-76d83d401000 ---p 00000000 00:00 0 
76d83d401000-76d83d4fd000 rw-p 00000000 00:00 0 
76d83d4fd000-76d83d501000 ---p 00000000 00:00 0 
76d83d501000-76d83d5fd000 rw-p 00000000 00:00 0 
76d83d6bb000-76d83d6bf000 ---p 00000000 00:00 0 
76d83d6bf000-76d83d7bb000 rw-p 00000000 00:00 0 
76d83d7bb000-76d83d7bf000 ---p 00000000 00:00 0 
76d83d7bf000-76d83d8bb000 rw-p 00000000 00:00 0 
76d83d8bb000-76d83d8bf000 ---p 00000000 00:00 0 
76d83d8bf000-76d83d9bb000 rw-p 00000000 00:00 0 
76d83d9bb000-76d83d9bf000 ---p 00000000 00:00 0 
76d83d9bf000-76d83dabb000 rw-p 00000000 00:00 0 
76d83dabb000-76d83dabf000 ---p 00000000 00:00 0 
76d83dabf000-76d83dbbb000 rw-p 00000000 00:00 0 
76d83dbbb000-76d83dbbf000 ---p 00000000 00:00 0 
76d83dbbf000-76d83dcbb000 rw-p 00000000 00:00 0 
76d83dcbb000-76d83dcbf000 ---p 00000000 00:00 0 
76d83dcbf000-76d83ddbb000 rw-p 00000000 00:00 0 
76d83ddbb000-76d83ddbf000 ---p 00000000 00:00 0 
76d83ddbf000-76d83debb000 rw-p 00000000 00:00 0 
76d83debb000-76d83debf000 ---p 00000000 00:00 0 
76d83debf000-76d83dfbb000 rw-p 00000000 00:00 0 
76d83dfbb000-76d83dfbf000 ---p 00000000 00:00 0 
76d83dfbf000-76d83e0bb000 rw-p 00000000 00:00 0 
76d83e0bb000-76d83e0bf000 ---p 00000000 00:00 0 
76d83e0bf000-76d83e1bb000 rw-p 00000000 00:00 0 
76d83e1bb000-76d83e1bf000 ---p 00000000 00:00 0 
76d83e1bf000-76d83e2bb000 rw-p 00000000 00:00 0 
76d83e2bb000-76d83e2bf000 ---p 00000000 00:00 0 
76d83e2bf000-76d83e3bb000 rw-p 00000000 00:00 0 
76d83e3bb000-76d83e44c000 r-xp 00000000 00:2d 1225600                    /usr/local/sdkman/candidates/java/25.0.4+1-ms/lib/libmlib_image.so
76d83e44c000-76d83e44d000 r--p 00090000 00:2d 1225600                    /usr/local/sdkman/candidates/java/25.0.4+1-ms/lib/libmlib_image.so
76d83e44d000-76d83e44e000 rw-p 00091000 00:2d 1225600                    /usr/local/sdkman/candidates/java/25.0.4+1-ms/lib/libmlib_image.so
76d83e44e000-76d83e5fc000 r-xp 00000000 00:2d 1225581                    /usr/local/sdkman/candidates/java/25.0.4+1-ms/lib/libfontmanager.so
76d83e5fc000-76d83e5fe000 r--p 001ad000 00:2d 1225581                    /usr/local/sdkman/candidates/java/25.0.4+1-ms/lib/libfontmanager.so
76d83e5fe000-76d83e5ff000 rw-p 001af000 00:2d 1225581                    /usr/local/sdkman/candidates/java/25.0.4+1-ms/lib/libfontmanager.so
76d83e5ff000-76d83e600000 rw-p 00000000 00:00 0 
76d83e600000-76d83e604000 ---p 00000000 00:00 0 
76d83e604000-76d83e700000 rw-p 00000000 00:00 0 
76d83e700000-76d83e704000 ---p 00000000 00:00 0 
76d83e704000-76d83e800000 rw-p 00000000 00:00 0 
76d83e800000-76d83e804000 ---p 00000000 00:00 0 
76d83e804000-76d83e900000 rw-p 00000000 00:00 0 
76d83e900000-76d83e904000 ---p 00000000 00:00 0 
76d83e904000-76d83ea00000 rw-p 00000000 00:00 0 
76d83ea00000-76d83ea04000 ---p 00000000 00:00 0 
76d83ea04000-76d83eb00000 rw-p 00000000 00:00 0 
76d83eb00000-76d83eb04000 ---p 00000000 00:00 0 
76d83eb04000-76d83ec00000 rw-p 00000000 00:00 0 
76d83ec00000-76d83ed03000 r-xp 00000000 08:01 7602208                    /tmp/sqlite-3.53.0.0-5625d878-d90d-494d-bc9a-f9c16a5546f9-libsqlitejdbc.so
76d83ed03000-76d83ef03000 ---p 00103000 08:01 7602208                    /tmp/sqlite-3.53.0.0-5625d878-d90d-494d-bc9a-f9c16a5546f9-libsqlitejdbc.so
76d83ef03000-76d83ef0b000 rw-p 00103000 08:01 7602208                    /tmp/sqlite-3.53.0.0-5625d878-d90d-494d-bc9a-f9c16a5546f9-libsqlitejdbc.so
76d83ef20000-76d83ef2d000 r--p 00000000 00:2d 935992                     /usr/lib/x86_64-linux-gnu/libfreetype.so.6.20.1
76d83ef2d000-76d83efbe000 r-xp 0000d000 00:2d 935992                     /usr/lib/x86_64-linux-gnu/libfreetype.so.6.20.1
76d83efbe000-76d83efe4000 r--p 0009e000 00:2d 935992                     /usr/lib/x86_64-linux-gnu/libfreetype.so.6.20.1
76d83efe4000-76d83efeb000 r--p 000c4000 00:2d 935992                     /usr/lib/x86_64-linux-gnu/libfreetype.so.6.20.1
76d83efeb000-76d83efec000 rw-p 000cb000 00:2d 935992                     /usr/lib/x86_64-linux-gnu/libfreetype.so.6.20.1
76d83efec000-76d83eff0000 ---p 00000000 00:00 0 
76d83eff0000-76d83f0ec000 rw-p 00000000 00:00 0 
76d83f0ec000-76d83f0f0000 ---p 00000000 00:00 0 
76d83f0f0000-76d83f1ec000 rw-p 00000000 00:00 0 
76d83f1ec000-76d83f1f0000 ---p 00000000 00:00 0 
76d83f1f0000-76d83f2ec000 rw-p 00000000 00:00 0 
76d83f2ec000-76d83f2f0000 ---p 00000000 00:00 0 
76d83f2f0000-76d83f3ec000 rw-p 00000000 00:00 0 
76d83f3ec000-76d83f3f0000 ---p 00000000 00:00 0 
76d83f3f0000-76d83f4ec000 rw-p 00000000 00:00 0 
76d83f4ec000-76d83f4f0000 ---p 00000000 00:00 0 
76d83f4f0000-76d83f5ec000 rw-p 00000000 00:00 0 
76d83f5ec000-76d83f5f0000 ---p 00000000 00:00 0 
76d83f5f0000-76d83f6ec000 rw-p 00000000 00:00 0 
76d83f6ec000-76d83f6f0000 ---p 00000000 00:00 0 
76d83f6f0000-76d83f7ec000 rw-p 00000000 00:00 0 
76d83f7ec000-76d83f7f0000 ---p 00000000 00:00 0 
76d83f7f0000-76d83f8ec000 rw-p 00000000 00:00 0 
76d83f8ec000-76d83f8f0000 ---p 00000000 00:00 0 
76d83f8f0000-76d83f9ec000 rw-p 00000000 00:00 0 
76d83f9ec000-76d83f9f0000 ---p 00000000 00:00 0 
76d83f9f0000-76d83faec000 rw-p 00000000 00:00 0 
76d83faec000-76d83fb9f000 r--p 00000000 00:2d 935934                     /usr/lib/x86_64-linux-gnu/libcrypto.so.3
76d83fb9f000-76d83fed3000 r-xp 000b3000 00:2d 935934                     /usr/lib/x86_64-linux-gnu/libcrypto.so.3
76d83fed3000-76d83ff9e000 r--p 003e7000 00:2d 935934                     /usr/lib/x86_64-linux-gnu/libcrypto.so.3
76d83ff9e000-76d83fffa000 r--p 004b1000 00:2d 935934                     /usr/lib/x86_64-linux-gnu/libcrypto.so.3
76d83fffa000-76d83fffd000 rw-p 0050d000 00:2d 935934                     /usr/lib/x86_64-linux-gnu/libcrypto.so.3
76d83fffd000-76d8401d8000 rw-p 00000000 00:00 0 
76d8401d8000-76d844000000 ---p 00000000 00:00 0 
76d844000000-76d844021000 rw-p 00000000 00:00 0 
76d844021000-76d848000000 ---p 00000000 00:00 0 
76d848000000-76d848024000 rw-p 00000000 00:00 0 
76d848024000-76d84c000000 ---p 00000000 00:00 0 
76d84c000000-76d84c048000 rw-p 00000000 00:00 0 
76d84c048000-76d850000000 ---p 00000000 00:00 0 
76d850000000-76d850021000 rw-p 00000000 00:00 0 
76d850021000-76d854000000 ---p 00000000 00:00 0 
76d854000000-76d8564cb000 rw-p 00000000 00:00 0 
76d8564cb000-76d858000000 ---p 00000000 00:00 0 
76d858000000-76d858558000 rw-p 00000000 00:00 0 
76d858558000-76d85c000000 ---p 00000000 00:00 0 
76d85c000000-76d85c614000 rw-p 00000000 00:00 0 
76d85c614000-76d860000000 ---p 00000000 00:00 0 
76d860000000-76d861573000 rw-p 00000000 00:00 0 
76d861573000-76d864000000 ---p 00000000 00:00 0 
76d864000000-76d864676000 rw-p 00000000 00:00 0 
76d864676000-76d868000000 ---p 00000000 00:00 0 
76d868000000-76d868021000 rw-p 00000000 00:00 0 
76d868021000-76d86c000000 ---p 00000000 00:00 0 
76d86c000000-76d86e541000 rw-p 00000000 00:00 0 
76d86e541000-76d870000000 ---p 00000000 00:00 0 
76d870000000-76d870021000 rw-p 00000000 00:00 0 
76d870021000-76d874000000 ---p 00000000 00:00 0 
76d874000000-76d874021000 rw-p 00000000 00:00 0 
76d874021000-76d878000000 ---p 00000000 00:00 0 
76d878000000-76d878021000 rw-p 00000000 00:00 0 
76d878021000-76d87c000000 ---p 00000000 00:00 0 
76d87c000000-76d87c021000 rw-p 00000000 00:00 0 
76d87c021000-76d880000000 ---p 00000000 00:00 0 
76d880000000-76d8803f0000 rw-p 00000000 00:00 0 
76d8803f0000-76d880770000 rw-p 00000000 00:00 0 
76d880770000-76d8808f0000 rw-p 00000000 00:00 0 
76d8808f0000-76d880af0000 rw-p 00000000 00:00 0 
76d880af0000-76d880bf0000 rw-p 00000000 00:00 0 
76d880bf0000-76d881170000 rw-p 00000000 00:00 0 
76d881170000-76d8811f0000 rw-p 00000000 00:00 0 
76d8811f0000-76d8813b0000 rw-p 00000000 00:00 0 
76d8813b0000-76d8813f0000 rw-p 00000000 00:00 0 
76d8813f0000-76d8814f0000 rw-p 00000000 00:00 0 
76d8814f0000-76d8815f0000 rw-p 00000000 00:00 0 
76d8815f0000-76d881af0000 rw-p 00000000 00:00 0 
76d881af0000-76d881bf0000 rw-p 00000000 00:00 0 
76d881bf0000-76d882070000 rw-p 00000000 00:00 0 
76d882070000-76d8820f0000 rw-p 00000000 00:00 0 
76d8820f0000-76d882770000 rw-p 00000000 00:00 0 
76d882770000-76d8827f0000 rw-p 00000000 00:00 0 
76d8827f0000-76d882cf0000 rw-p 00000000 00:00 0 
76d882cf0000-76d882df0000 rw-p 00000000 00:00 0 
76d882df0000-76d882ef0000 rw-p 00000000 00:00 0 
76d882ef0000-76d882ff0000 rw-p 00000000 00:00 0 
76d882ff0000-76d883170000 rw-p 00000000 00:00 0 
76d883170000-76d8831f0000 rw-p 00000000 00:00 0 
76d8831f0000-76d8832f0000 rw-p 00000000 00:00 0 
76d8832f0000-76d8833f0000 rw-p 00000000 00:00 0 
76d8833f0000-76d8834f0000 rw-p 00000000 00:00 0 
76d8834f0000-76d8836f0000 rw-p 00000000 00:00 0 
76d8836f0000-76d883770000 rw-p 00000000 00:00 0 
76d883770000-76d8837f0000 rw-p 00000000 00:00 0 
76d8837f0000-76d883b70000 rw-p 00000000 00:00 0 
76d883b70000-76d883bf0000 rw-p 00000000 00:00 0 
76d883bf0000-76d883ff0000 rw-p 00000000 00:00 0 
76d883ff0000-76d88405c000 rw-p 00000000 00:00 0 
76d88405c000-76d888000000 ---p 00000000 00:00 0 
76d888000000-76d888021000 rw-p 00000000 00:00 0 
76d888021000-76d88c000000 ---p 00000000 00:00 0 
76d88c000000-76d88c021000 rw-p 00000000 00:00 0 
76d88c021000-76d890000000 ---p 00000000 00:00 0 
76d890000000-76d890021000 rw-p 00000000 00:00 0 
76d890021000-76d894000000 ---p 00000000 00:00 0 
76d894000000-76d89405b000 rw-p 00000000 00:00 0 
76d89405b000-76d898000000 ---p 00000000 00:00 0 
76d898000000-76d89807c000 rw-p 00000000 00:00 0 
76d89807c000-76d89c000000 ---p 00000000 00:00 0 
76d89c000000-76d89c06b000 rw-p 00000000 00:00 0 
76d89c06b000-76d8a0000000 ---p 00000000 00:00 0 
76d8a0042000-76d8a0043000 r--p 00000000 00:2d 935905                     /usr/lib/x86_64-linux-gnu/libbrotlicommon.so.1.1.0
76d8a0043000-76d8a0044000 r-xp 00001000 00:2d 935905                     /usr/lib/x86_64-linux-gnu/libbrotlicommon.so.1.1.0
76d8a0044000-76d8a0063000 r--p 00002000 00:2d 935905                     /usr/lib/x86_64-linux-gnu/libbrotlicommon.so.1.1.0
76d8a0063000-76d8a0064000 r--p 00021000 00:2d 935905                     /usr/lib/x86_64-linux-gnu/libbrotlicommon.so.1.1.0
76d8a0064000-76d8a0065000 rw-p 00022000 00:2d 935905                     /usr/lib/x86_64-linux-gnu/libbrotlicommon.so.1.1.0
76d8a0065000-76d8a0066000 r--p 00000000 00:2d 935909                     /usr/lib/x86_64-linux-gnu/libbrotlidec.so.1.1.0
76d8a0066000-76d8a006e000 r-xp 00001000 00:2d 935909                     /usr/lib/x86_64-linux-gnu/libbrotlidec.so.1.1.0
76d8a006e000-76d8a0071000 r--p 00009000 00:2d 935909                     /usr/lib/x86_64-linux-gnu/libbrotlidec.so.1.1.0
76d8a0071000-76d8a0072000 r--p 0000b000 00:2d 935909                     /usr/lib/x86_64-linux-gnu/libbrotlidec.so.1.1.0
76d8a0072000-76d8a0073000 rw-p 0000c000 00:2d 935909                     /usr/lib/x86_64-linux-gnu/libbrotlidec.so.1.1.0
76d8a0073000-76d8a0078000 r--p 00000000 00:2d 936253                     /usr/lib/x86_64-linux-gnu/libpng16.so.16.43.0
76d8a0078000-76d8a00a0000 r-xp 00005000 00:2d 936253                     /usr/lib/x86_64-linux-gnu/libpng16.so.16.43.0
76d8a00a0000-76d8a00a9000 r--p 0002d000 00:2d 936253                     /usr/lib/x86_64-linux-gnu/libpng16.so.16.43.0
76d8a00a9000-76d8a00aa000 r--p 00035000 00:2d 936253                     /usr/lib/x86_64-linux-gnu/libpng16.so.16.43.0
76d8a00aa000-76d8a00ab000 rw-p 00036000 00:2d 936253                     /usr/lib/x86_64-linux-gnu/libpng16.so.16.43.0
76d8a00ab000-76d8a00ad000 r--p 00000000 00:2d 918391                     /usr/lib/x86_64-linux-gnu/libbz2.so.1.0.4
76d8a00ad000-76d8a00bb000 r-xp 00002000 00:2d 918391                     /usr/lib/x86_64-linux-gnu/libbz2.so.1.0.4
76d8a00bb000-76d8a00bd000 r--p 00010000 00:2d 918391                     /usr/lib/x86_64-linux-gnu/libbz2.so.1.0.4
76d8a00bd000-76d8a00be000 r--p 00011000 00:2d 918391                     /usr/lib/x86_64-linux-gnu/libbz2.so.1.0.4
76d8a00be000-76d8a00bf000 rw-p 00012000 00:2d 918391                     /usr/lib/x86_64-linux-gnu/libbz2.so.1.0.4
76d8a00c6000-76d8a00c8000 r-xp 00000000 00:2d 1225580                    /usr/local/sdkman/candidates/java/25.0.4+1-ms/lib/libextnet.so
76d8a00c8000-76d8a00c9000 r--p 00001000 00:2d 1225580                    /usr/local/sdkman/candidates/java/25.0.4+1-ms/lib/libextnet.so
76d8a00c9000-76d8a00ca000 rw-p 00002000 00:2d 1225580                    /usr/local/sdkman/candidates/java/25.0.4+1-ms/lib/libextnet.so
76d8a00ca000-76d8a00d0000 r-xp 00000000 00:2d 1225577                    /usr/local/sdkman/candidates/java/25.0.4+1-ms/lib/libawt_headless.so
76d8a00d0000-76d8a00d1000 r--p 00005000 00:2d 1225577                    /usr/local/sdkman/candidates/java/25.0.4+1-ms/lib/libawt_headless.so
76d8a00d1000-76d8a00d2000 rw-p 00006000 00:2d 1225577                    /usr/local/sdkman/candidates/java/25.0.4+1-ms/lib/libawt_headless.so
76d8a00d2000-76d8a017f000 r-xp 00000000 00:2d 1225576                    /usr/local/sdkman/candidates/java/25.0.4+1-ms/lib/libawt.so
76d8a017f000-76d8a0180000 ---p 000ad000 00:2d 1225576                    /usr/local/sdkman/candidates/java/25.0.4+1-ms/lib/libawt.so
76d8a0180000-76d8a0181000 r--p 000ad000 00:2d 1225576                    /usr/local/sdkman/candidates/java/25.0.4+1-ms/lib/libawt.so
76d8a0181000-76d8a018c000 rw-p 000ae000 00:2d 1225576                    /usr/local/sdkman/candidates/java/25.0.4+1-ms/lib/libawt.so
76d8a018c000-76d8a01b1000 rw-p 00000000 00:00 0 
76d8a01b1000-76d8a01bf000 r-xp 00000000 00:2d 1225610                    /usr/local/sdkman/candidates/java/25.0.4+1-ms/lib/libverify.so
76d8a01bf000-76d8a01c1000 r--p 0000d000 00:2d 1225610                    /usr/local/sdkman/candidates/java/25.0.4+1-ms/lib/libverify.so
76d8a01c1000-76d8a01c2000 rw-p 0000f000 00:2d 1225610                    /usr/local/sdkman/candidates/java/25.0.4+1-ms/lib/libverify.so
76d8a01c2000-76d8a01c7000 r--p 00000000 08:01 7602204                    /tmp/libnetty_transport_native_epoll_x86_648659304430406902010.so (deleted)
76d8a01c7000-76d8a01d1000 r-xp 00005000 08:01 7602204                    /tmp/libnetty_transport_native_epoll_x86_648659304430406902010.so (deleted)
76d8a01d1000-76d8a01d5000 r--p 0000f000 08:01 7602204                    /tmp/libnetty_transport_native_epoll_x86_648659304430406902010.so (deleted)
76d8a01d5000-76d8a01d6000 ---p 00013000 08:01 7602204                    /tmp/libnetty_transport_native_epoll_x86_648659304430406902010.so (deleted)
76d8a01d6000-76d8a01d8000 r--p 00013000 08:01 7602204                    /tmp/libnetty_transport_native_epoll_x86_648659304430406902010.so (deleted)
76d8a01d8000-76d8a01d9000 rw-p 00000000 00:00 0 
76d8a01d9000-76d8a01de000 r--p 00000000 08:01 7602203                    /tmp/libnetty_transport_native_io_uring42_x86_648892294251789458492.so (deleted)
76d8a01de000-76d8a01e8000 r-xp 00005000 08:01 7602203                    /tmp/libnetty_transport_native_io_uring42_x86_648892294251789458492.so (deleted)
76d8a01e8000-76d8a01ed000 r--p 0000f000 08:01 7602203                    /tmp/libnetty_transport_native_io_uring42_x86_648892294251789458492.so (deleted)
76d8a01ed000-76d8a01ef000 r--p 00013000 08:01 7602203                    /tmp/libnetty_transport_native_io_uring42_x86_648892294251789458492.so (deleted)
76d8a01ef000-76d8a01f0000 rw-p 00015000 08:01 7602203                    /tmp/libnetty_transport_native_io_uring42_x86_648892294251789458492.so (deleted)
76d8a01f0000-76d8a01f4000 ---p 00000000 00:00 0 
76d8a01f4000-76d8a02f0000 rw-p 00000000 00:00 0 
76d8a02f0000-76d8a02f4000 ---p 00000000 00:00 0 
76d8a02f4000-76d8a03f0000 rw-p 00000000 00:00 0 
76d8a03f0000-76d8a03f1000 ---p 00000000 00:00 0 
76d8a03f1000-76d8a04f1000 rw-p 00000000 00:00 0 
76d8a04f1000-76d8a04f2000 ---p 00000000 00:00 0 
76d8a04f2000-76d8a05f2000 rw-p 00000000 00:00 0 
76d8a05f2000-76d8a05f3000 ---p 00000000 00:00 0 
76d8a05f3000-76d8a06f3000 rw-p 00000000 00:00 0 
76d8a06f3000-76d8a06f7000 ---p 00000000 00:00 0 
76d8a06f7000-76d8a07f3000 rw-p 00000000 00:00 0 
76d8a07f3000-76d8a07f7000 ---p 00000000 00:00 0 
76d8a07f7000-76d8a08f3000 rw-p 00000000 00:00 0 
76d8a08f3000-76d8a08f7000 ---p 00000000 00:00 0 
76d8a08f7000-76d8a09f3000 rw-p 00000000 00:00 0 
76d8a09f3000-76d8a09f7000 ---p 00000000 00:00 0 
76d8a09f7000-76d8a0af3000 rw-p 00000000 00:00 0 
76d8a0af3000-76d8a0af7000 ---p 00000000 00:00 0 
76d8a0af7000-76d8a0bf3000 rw-p 00000000 00:00 0 
76d8a0bf3000-76d8a0c30000 r-xp 00000000 00:2d 1225607                    /usr/local/sdkman/candidates/java/25.0.4+1-ms/lib/libsimdsort.so
76d8a0c30000-76d8a0c31000 ---p 0003d000 00:2d 1225607                    /usr/local/sdkman/candidates/java/25.0.4+1-ms/lib/libsimdsort.so
76d8a0c31000-76d8a0c32000 r--p 0003d000 00:2d 1225607                    /usr/local/sdkman/candidates/java/25.0.4+1-ms/lib/libsimdsort.so
76d8a0c32000-76d8a0c33000 rw-p 0003e000 00:2d 1225607                    /usr/local/sdkman/candidates/java/25.0.4+1-ms/lib/libsimdsort.so
76d8a0c33000-76d8a0c37000 ---p 00000000 00:00 0 
76d8a0c37000-76d8a0d33000 rw-p 00000000 00:00 0 
76d8a0d33000-76d8a0d37000 ---p 00000000 00:00 0 
76d8a0d37000-76d8a0e33000 rw-p 00000000 00:00 0 
76d8a0e33000-76d8a0e37000 ---p 00000000 00:00 0 
76d8a0e37000-76d8a0f33000 rw-p 00000000 00:00 0 
76d8a0f33000-76d8a0f37000 ---p 00000000 00:00 0 
76d8a0f37000-76d8a1033000 rw-p 00000000 00:00 0 
76d8a1033000-76d8a1037000 ---p 00000000 00:00 0 
76d8a1037000-76d8a1133000 rw-p 00000000 00:00 0 
76d8a1133000-76d8a1137000 ---p 00000000 00:00 0 
76d8a1137000-76d8a1233000 rw-p 00000000 00:00 0 
76d8a1233000-76d8a128c000 r--p 00000000 00:2d 918058                     /usr/lib/locale/C.utf8/LC_CTYPE
76d8a128c000-76d8a1577000 r--p 00000000 00:2d 1055915                    /usr/lib/locale/locale-archive
76d8a1577000-76d8a15f8000 rw-p 00000000 00:00 0 
76d8a15f8000-76d8a15f9000 ---p 00000000 00:00 0 
76d8a15f9000-76d8a16f9000 rw-p 00000000 00:00 0 
76d8a16f9000-76d8a16fa000 ---p 00000000 00:00 0 
76d8a16fa000-76d8a17fa000 rw-p 00000000 00:00 0 
76d8a17fa000-76d8a17fb000 ---p 00000000 00:00 0 
76d8a17fb000-76d8a18fb000 rw-p 00000000 00:00 0 
76d8a18fb000-76d8a18fc000 ---p 00000000 00:00 0 
76d8a18fc000-76d8a19fc000 rw-p 00000000 00:00 0 
76d8a19fc000-76d8a3e00000 rw-p 00000000 00:00 0 
76d8a3e00000-76d8a3e02000 r--p 00000000 08:01 7602205                    /tmp/native-9958825616360182994.so
76d8a3e02000-76d8a3e0e000 r-xp 00002000 08:01 7602205                    /tmp/native-9958825616360182994.so
76d8a3e0e000-76d8a3e10000 r--p 0000e000 08:01 7602205                    /tmp/native-9958825616360182994.so
76d8a3e10000-76d8a3e11000 ---p 00010000 08:01 7602205                    /tmp/native-9958825616360182994.so
76d8a3e11000-76d8a3e12000 r--p 00010000 08:01 7602205                    /tmp/native-9958825616360182994.so
76d8a3e12000-76d8a3e13000 rw-p 00011000 08:01 7602205                    /tmp/native-9958825616360182994.so
76d8a3e13000-76d8a3e19000 r-xp 00000000 00:2d 1225599                    /usr/local/sdkman/candidates/java/25.0.4+1-ms/lib/libmanagement_ext.so
76d8a3e19000-76d8a3e1a000 r--p 00005000 00:2d 1225599                    /usr/local/sdkman/candidates/java/25.0.4+1-ms/lib/libmanagement_ext.so
76d8a3e1a000-76d8a3e1b000 rw-p 00006000 00:2d 1225599                    /usr/local/sdkman/candidates/java/25.0.4+1-ms/lib/libmanagement_ext.so
76d8a3e1b000-76d8a3e1f000 ---p 00000000 00:00 0 
76d8a3e1f000-76d8a3e3d000 rw-p 00000000 00:00 0 
76d8a3e3d000-76d8a4310000 rw-p 00000000 00:00 0 
76d8a4310000-76d8a7d00000 ---p 00000000 00:00 0 
76d8a7d00000-76d8a7da7000 rw-p 00000000 00:00 0 
76d8a7da7000-76d8a84e5000 ---p 00000000 00:00 0 
76d8a84e5000-76d8a84e8000 rw-p 00000000 00:00 0 
76d8a84e8000-76d8a9138000 rwxp 00000000 00:00 0 
76d8a9138000-76d8afa20000 ---p 00000000 00:00 0 
76d8afa20000-76d8afc90000 rwxp 00000000 00:00 0 
76d8afc90000-76d8affb1000 ---p 00000000 00:00 0 
76d8affb1000-76d8b03d1000 rwxp 00000000 00:00 0 
76d8b03d1000-76d8b74e9000 ---p 00000000 00:00 0 
76d8b74e9000-76d8c0000000 r--s 00000000 00:2d 1225612                    /usr/local/sdkman/candidates/java/25.0.4+1-ms/lib/modules
76d8c0000000-76d8c1237000 rw-p 00000000 00:00 0 
76d8c1237000-76d8c4000000 ---p 00000000 00:00 0 
76d8c4000000-76d8c4001000 r--p 00000000 08:01 7602206                    /tmp/native-10652946223241463844.so
76d8c4001000-76d8c4002000 r-xp 00001000 08:01 7602206                    /tmp/native-10652946223241463844.so
76d8c4002000-76d8c4003000 r--p 00002000 08:01 7602206                    /tmp/native-10652946223241463844.so
76d8c4003000-76d8c4004000 r--p 00002000 08:01 7602206                    /tmp/native-10652946223241463844.so
76d8c4004000-76d8c4005000 rw-p 00003000 08:01 7602206                    /tmp/native-10652946223241463844.so
76d8c4005000-76d8c4009000 r-xp 00000000 00:2d 1225597                    /usr/local/sdkman/candidates/java/25.0.4+1-ms/lib/libmanagement.so
76d8c4009000-76d8c400a000 ---p 00004000 00:2d 1225597                    /usr/local/sdkman/candidates/java/25.0.4+1-ms/lib/libmanagement.so
76d8c400a000-76d8c400b000 r--p 00004000 00:2d 1225597                    /usr/local/sdkman/candidates/java/25.0.4+1-ms/lib/libmanagement.so
76d8c400b000-76d8c400c000 rw-p 00005000 00:2d 1225597                    /usr/local/sdkman/candidates/java/25.0.4+1-ms/lib/libmanagement.so
76d8c400c000-76d8c400d000 r-xp 00000000 00:2d 1225609                    /usr/local/sdkman/candidates/java/25.0.4+1-ms/lib/libsyslookup.so
76d8c400d000-76d8c400e000 r--p 00000000 00:2d 1225609                    /usr/local/sdkman/candidates/java/25.0.4+1-ms/lib/libsyslookup.so
76d8c400e000-76d8c400f000 rw-p 00001000 00:2d 1225609                    /usr/local/sdkman/candidates/java/25.0.4+1-ms/lib/libsyslookup.so
76d8c400f000-76d8c4016000 r-xp 00000000 00:2d 1225611                    /usr/local/sdkman/candidates/java/25.0.4+1-ms/lib/libzip.so
76d8c4016000-76d8c4017000 ---p 00007000 00:2d 1225611                    /usr/local/sdkman/candidates/java/25.0.4+1-ms/lib/libzip.so
76d8c4017000-76d8c4018000 r--p 00007000 00:2d 1225611                    /usr/local/sdkman/candidates/java/25.0.4+1-ms/lib/libzip.so
76d8c4018000-76d8c4019000 rw-p 00008000 00:2d 1225611                    /usr/local/sdkman/candidates/java/25.0.4+1-ms/lib/libzip.so
76d8c4019000-76d8c4025000 r-xp 00000000 00:2d 1225601                    /usr/local/sdkman/candidates/java/25.0.4+1-ms/lib/libnet.so
76d8c4025000-76d8c4026000 r--p 0000b000 00:2d 1225601                    /usr/local/sdkman/candidates/java/25.0.4+1-ms/lib/libnet.so
76d8c4026000-76d8c4027000 rw-p 0000c000 00:2d 1225601                    /usr/local/sdkman/candidates/java/25.0.4+1-ms/lib/libnet.so
76d8c4027000-76d8c403b000 r-xp 00000000 00:2d 1225602                    /usr/local/sdkman/candidates/java/25.0.4+1-ms/lib/libnio.so
76d8c403b000-76d8c403c000 r--p 00013000 00:2d 1225602                    /usr/local/sdkman/candidates/java/25.0.4+1-ms/lib/libnio.so
76d8c403c000-76d8c403d000 rw-p 00014000 00:2d 1225602                    /usr/local/sdkman/candidates/java/25.0.4+1-ms/lib/libnio.so
76d8c403d000-76d8c403e000 r--p 00000000 00:2d 918065                     /usr/lib/locale/C.utf8/LC_NUMERIC
76d8c403e000-76d8c403f000 r--p 00000000 00:2d 918068                     /usr/lib/locale/C.utf8/LC_TIME
76d8c403f000-76d8c4040000 r--p 00000000 00:2d 918057                     /usr/lib/locale/C.utf8/LC_COLLATE
76d8c4040000-76d8c4041000 r--p 00000000 00:2d 918063                     /usr/lib/locale/C.utf8/LC_MONETARY
76d8c4041000-76d8c4042000 r--p 00000000 00:2d 918062                     /usr/lib/locale/C.utf8/LC_MESSAGES/SYS_LC_MESSAGES
76d8c4042000-76d8c4043000 r--p 00000000 00:2d 918066                     /usr/lib/locale/C.utf8/LC_PAPER
76d8c4043000-76d8c4044000 r--p 00000000 00:2d 918064                     /usr/lib/locale/C.utf8/LC_NAME
76d8c4044000-76d8c404b000 r--s 00000000 00:2d 918363                     /usr/lib/x86_64-linux-gnu/gconv/gconv-modules.cache
76d8c404b000-76d8c408c000 rw-p 00000000 00:00 0 
76d8c408c000-76d8c408d000 ---p 00000000 00:00 0 
76d8c408d000-76d8c418d000 rw-p 00000000 00:00 0 
76d8c418d000-76d8c418e000 ---p 00000000 00:00 0 
76d8c418e000-76d8c428e000 rw-p 00000000 00:00 0 
76d8c428e000-76d8c428f000 ---p 00000000 00:00 0 
76d8c428f000-76d8c438f000 rw-p 00000000 00:00 0 
76d8c438f000-76d8c4461000 rw-p 00000000 00:00 0 
76d8c4461000-76d8c4b9f000 ---p 00000000 00:00 0 
76d8c4b9f000-76d8c4faf000 rw-p 00000000 00:00 0 
76d8c4faf000-76d8c5091000 ---p 00000000 00:00 0 
76d8c5091000-76d8c5096000 rw-p 00000000 00:00 0 
76d8c5096000-76d8c509d000 ---p 00000000 00:00 0 
76d8c509d000-76d8c50b6000 rw-p 00000000 00:00 0 
76d8c50b6000-76d8c5188000 ---p 00000000 00:00 0 
76d8c5188000-76d8c51a8000 r-xp 00000000 00:2d 1225587                    /usr/local/sdkman/candidates/java/25.0.4+1-ms/lib/libjava.so
76d8c51a8000-76d8c51a9000 ---p 00020000 00:2d 1225587                    /usr/local/sdkman/candidates/java/25.0.4+1-ms/lib/libjava.so
76d8c51a9000-76d8c51aa000 r--p 00020000 00:2d 1225587                    /usr/local/sdkman/candidates/java/25.0.4+1-ms/lib/libjava.so
76d8c51aa000-76d8c51ab000 rw-p 00021000 00:2d 1225587                    /usr/local/sdkman/candidates/java/25.0.4+1-ms/lib/libjava.so
76d8c51ab000-76d8c51ac000 rw-p 00000000 00:00 0 
76d8c51ac000-76d8c51b4000 rw-s 00000000 08:01 7602199                    /tmp/hsperfdata_codespace/4236
76d8c51b4000-76d8c51cf000 r-xp 00000000 00:2d 1225591                    /usr/local/sdkman/candidates/java/25.0.4+1-ms/lib/libjimage.so
76d8c51cf000-76d8c51d0000 ---p 0001b000 00:2d 1225591                    /usr/local/sdkman/candidates/java/25.0.4+1-ms/lib/libjimage.so
76d8c51d0000-76d8c51d2000 r--p 0001b000 00:2d 1225591                    /usr/local/sdkman/candidates/java/25.0.4+1-ms/lib/libjimage.so
76d8c51d2000-76d8c51d3000 rw-p 0001d000 00:2d 1225591                    /usr/local/sdkman/candidates/java/25.0.4+1-ms/lib/libjimage.so
76d8c51d3000-76d8c51d7000 ---p 00000000 00:00 0 
76d8c51d7000-76d8c52d3000 rw-p 00000000 00:00 0 
76d8c52d3000-76d8c52e3000 r--p 00000000 00:2d 918434                     /usr/lib/x86_64-linux-gnu/libm.so.6
76d8c52e3000-76d8c5362000 r-xp 00010000 00:2d 918434                     /usr/lib/x86_64-linux-gnu/libm.so.6
76d8c5362000-76d8c53ba000 r--p 0008f000 00:2d 918434                     /usr/lib/x86_64-linux-gnu/libm.so.6
76d8c53ba000-76d8c53bb000 r--p 000e7000 00:2d 918434                     /usr/lib/x86_64-linux-gnu/libm.so.6
76d8c53bb000-76d8c53bc000 rw-p 000e8000 00:2d 918434                     /usr/lib/x86_64-linux-gnu/libm.so.6
76d8c53bc000-76d8c53bd000 r--p 00000000 00:2d 918473                     /usr/lib/x86_64-linux-gnu/librt.so.1
76d8c53bd000-76d8c53be000 r-xp 00001000 00:2d 918473                     /usr/lib/x86_64-linux-gnu/librt.so.1
76d8c53be000-76d8c53bf000 r--p 00002000 00:2d 918473                     /usr/lib/x86_64-linux-gnu/librt.so.1
76d8c53bf000-76d8c53c0000 r--p 00002000 00:2d 918473                     /usr/lib/x86_64-linux-gnu/librt.so.1
76d8c53c0000-76d8c53c1000 rw-p 00003000 00:2d 918473                     /usr/lib/x86_64-linux-gnu/librt.so.1
76d8c53c1000-76d8c697a000 r-xp 00000000 00:2d 1225625                    /usr/local/sdkman/candidates/java/25.0.4+1-ms/lib/server/libjvm.so
76d8c697a000-76d8c697b000 ---p 015b9000 00:2d 1225625                    /usr/local/sdkman/candidates/java/25.0.4+1-ms/lib/server/libjvm.so
76d8c697b000-76d8c6a64000 r--p 015b9000 00:2d 1225625                    /usr/local/sdkman/candidates/java/25.0.4+1-ms/lib/server/libjvm.so
76d8c6a64000-76d8c6a8f000 rw-p 016a2000 00:2d 1225625                    /usr/local/sdkman/candidates/java/25.0.4+1-ms/lib/server/libjvm.so
76d8c6a8f000-76d8c6b0f000 rw-p 00000000 00:00 0 
76d8c6b0f000-76d8c6b10000 r--p 00000000 00:2d 918471                     /usr/lib/x86_64-linux-gnu/libpthread.so.0
76d8c6b10000-76d8c6b11000 r-xp 00001000 00:2d 918471                     /usr/lib/x86_64-linux-gnu/libpthread.so.0
76d8c6b11000-76d8c6b12000 r--p 00002000 00:2d 918471                     /usr/lib/x86_64-linux-gnu/libpthread.so.0
76d8c6b12000-76d8c6b13000 r--p 00002000 00:2d 918471                     /usr/lib/x86_64-linux-gnu/libpthread.so.0
76d8c6b13000-76d8c6b14000 rw-p 00003000 00:2d 918471                     /usr/lib/x86_64-linux-gnu/libpthread.so.0
76d8c6b14000-76d8c6b15000 r--p 00000000 00:2d 918406                     /usr/lib/x86_64-linux-gnu/libdl.so.2
76d8c6b15000-76d8c6b16000 r-xp 00001000 00:2d 918406                     /usr/lib/x86_64-linux-gnu/libdl.so.2
76d8c6b16000-76d8c6b17000 r--p 00002000 00:2d 918406                     /usr/lib/x86_64-linux-gnu/libdl.so.2
76d8c6b17000-76d8c6b18000 r--p 00002000 00:2d 918406                     /usr/lib/x86_64-linux-gnu/libdl.so.2
76d8c6b18000-76d8c6b19000 rw-p 00003000 00:2d 918406                     /usr/lib/x86_64-linux-gnu/libdl.so.2
76d8c6b19000-76d8c6b1b000 r--p 00000000 00:2d 918505                     /usr/lib/x86_64-linux-gnu/libz.so.1.3
76d8c6b1b000-76d8c6b2d000 r-xp 00002000 00:2d 918505                     /usr/lib/x86_64-linux-gnu/libz.so.1.3
76d8c6b2d000-76d8c6b33000 r--p 00014000 00:2d 918505                     /usr/lib/x86_64-linux-gnu/libz.so.1.3
76d8c6b33000-76d8c6b34000 r--p 0001a000 00:2d 918505                     /usr/lib/x86_64-linux-gnu/libz.so.1.3
76d8c6b34000-76d8c6b35000 rw-p 0001b000 00:2d 918505                     /usr/lib/x86_64-linux-gnu/libz.so.1.3
76d8c6b35000-76d8c6b5d000 r--p 00000000 00:2d 918392                     /usr/lib/x86_64-linux-gnu/libc.so.6
76d8c6b5d000-76d8c6ce5000 r-xp 00028000 00:2d 918392                     /usr/lib/x86_64-linux-gnu/libc.so.6
76d8c6ce5000-76d8c6d34000 r--p 001b0000 00:2d 918392                     /usr/lib/x86_64-linux-gnu/libc.so.6
76d8c6d34000-76d8c6d38000 r--p 001fe000 00:2d 918392                     /usr/lib/x86_64-linux-gnu/libc.so.6
76d8c6d38000-76d8c6d3a000 rw-p 00202000 00:2d 918392                     /usr/lib/x86_64-linux-gnu/libc.so.6
76d8c6d3a000-76d8c6d47000 rw-p 00000000 00:00 0 
76d8c6d47000-76d8c6d48000 r--p 00000000 00:2d 918056                     /usr/lib/locale/C.utf8/LC_ADDRESS
76d8c6d48000-76d8c6d49000 r--p 00000000 00:2d 918067                     /usr/lib/locale/C.utf8/LC_TELEPHONE
76d8c6d49000-76d8c6d4a000 r--p 00000000 00:2d 918060                     /usr/lib/locale/C.utf8/LC_MEASUREMENT
76d8c6d4a000-76d8c6d4b000 r--p 00000000 00:2d 918059                     /usr/lib/locale/C.utf8/LC_IDENTIFICATION
76d8c6d4b000-76d8c6d4c000 ---p 00000000 00:00 0 
76d8c6d4c000-76d8c6d4d000 r--p 00000000 00:00 0 
76d8c6d4d000-76d8c6d4e000 rwxp 00000000 00:00 0 
76d8c6d4e000-76d8c6d5c000 r-xp 00000000 00:2d 1225592                    /usr/local/sdkman/candidates/java/25.0.4+1-ms/lib/libjli.so
76d8c6d5c000-76d8c6d5d000 ---p 0000e000 00:2d 1225592                    /usr/local/sdkman/candidates/java/25.0.4+1-ms/lib/libjli.so
76d8c6d5d000-76d8c6d5e000 r--p 0000e000 00:2d 1225592                    /usr/local/sdkman/candidates/java/25.0.4+1-ms/lib/libjli.so
76d8c6d5e000-76d8c6d5f000 rw-p 0000f000 00:2d 1225592                    /usr/local/sdkman/candidates/java/25.0.4+1-ms/lib/libjli.so
76d8c6d5f000-76d8c6d61000 rw-p 00000000 00:00 0 
76d8c6d61000-76d8c6d62000 r--p 00000000 00:2d 918372                     /usr/lib/x86_64-linux-gnu/ld-linux-x86-64.so.2
76d8c6d62000-76d8c6d8d000 r-xp 00001000 00:2d 918372                     /usr/lib/x86_64-linux-gnu/ld-linux-x86-64.so.2
76d8c6d8d000-76d8c6d97000 r--p 0002c000 00:2d 918372                     /usr/lib/x86_64-linux-gnu/ld-linux-x86-64.so.2
76d8c6d97000-76d8c6d99000 r--p 00036000 00:2d 918372                     /usr/lib/x86_64-linux-gnu/ld-linux-x86-64.so.2
76d8c6d99000-76d8c6d9b000 rw-p 00038000 00:2d 918372                     /usr/lib/x86_64-linux-gnu/ld-linux-x86-64.so.2
7ffd7e030000-7ffd7e034000 ---p 00000000 00:00 0 
7ffd7e80e000-7ffd7e830000 rw-p 00000000 00:00 0                          [stack]
7ffd7e84b000-7ffd7e84f000 r--p 00000000 00:00 0                          [vvar]
7ffd7e84f000-7ffd7e851000 r-xp 00000000 00:00 0                          [vdso]
ffffffffff600000-ffffffffff601000 --xp 00000000 00:00 0                  [vsyscall]
Total number of mappings: 448

JVMTI agents: none


VM Arguments:
java_command: velocity.jar
java_class_path (initial): velocity.jar
Launcher Type: SUN_STANDARD

[Global flags]
     intx CICompilerCount                          = 3                                         {product} {ergonomic}
     uint ConcGCThreads                            = 1                                         {product} {ergonomic}
     uint G1ConcRefinementThreads                  = 4                                         {product} {ergonomic}
   size_t G1HeapRegionSize                         = 2097152                                   {product} {ergonomic}
   size_t InitialHeapSize                          = 262144000                                 {product} {ergonomic}
   size_t MarkStackSize                            = 4194304                                   {product} {ergonomic}
   size_t MarkStackSizeMax                         = 536870912                                 {product} {ergonomic}
   size_t MaxHeapSize                              = 4194304000                                {product} {ergonomic}
   size_t MaxNewSize                               = 2516582400                                {product} {ergonomic}
   size_t MinHeapDeltaBytes                        = 2097152                                   {product} {ergonomic}
   size_t MinHeapSize                              = 8388608                                   {product} {ergonomic}
    uintx NonNMethodCodeHeapSize                   = 5836800                                {pd product} {ergonomic}
    uintx NonProfiledCodeHeapSize                  = 122912768                              {pd product} {ergonomic}
    uintx ProfiledCodeHeapSize                     = 122912768                              {pd product} {ergonomic}
    uintx ReservedCodeCacheSize                    = 251662336                              {pd product} {ergonomic}
     bool SegmentedCodeCache                       = true                                      {product} {ergonomic}
   size_t SoftMaxHeapSize                          = 4194304000                             {manageable} {ergonomic}
     bool UseCompressedOops                        = true                           {product lp64_product} {ergonomic}
     bool UseG1GC                                  = true                                      {product} {ergonomic}

Logging:
Log output configuration:
 #0: stdout all=warning uptime,level,tags foldmultilines=false
 #1: stderr all=off uptime,level,tags foldmultilines=false

Release file:
IMPLEMENTOR="Microsoft"
IMPLEMENTOR_VERSION="Microsoft-14951822"
JAVA_RUNTIME_VERSION="25.0.4.1+1-LTS"
JAVA_VERSION="25.0.4.1"
JAVA_VERSION_DATE="2026-08-18"
LIBC="gnu"
MODULES="java.base java.compiler java.datatransfer java.xml java.prefs java.desktop java.instrument java.logging java.management java.security.sasl java.naming java.rmi java.management.rmi java.net.http java.scripting java.security.jgss java.transaction.xa java.sql java.sql.rowset java.xml.crypto java.se java.smartcardio jdk.accessibility jdk.internal.jvmstat jdk.attach jdk.charsets jdk.internal.opt jdk.zipfs jdk.compiler jdk.crypto.cryptoki jdk.crypto.ec jdk.dynalink jdk.internal.ed jdk.editpad jdk.internal.vm.ci jdk.graal.compiler jdk.graal.compiler.management jdk.hotspot.agent jdk.httpserver jdk.incubator.vector jdk.internal.le jdk.internal.md jdk.jartool jdk.javadoc jdk.jcmd jdk.management jdk.management.agent jdk.jconsole jdk.jdeps jdk.jdwp.agent jdk.jdi jdk.jfr jdk.jlink jdk.jpackage jdk.jshell jdk.jsobject jdk.jstatd jdk.localedata jdk.management.jfr jdk.naming.dns jdk.naming.rmi jdk.net jdk.nio.mapmode jdk.sctp jdk.security.auth jdk.security.jgss jdk.unsupported jdk.unsupported.desktop jdk.xml.dom"
OS_ARCH="x86_64"
OS_NAME="Linux"
SOURCE=".:git:f3615615ae25"

Environment Variables:
JAVA_HOME=/usr/local/sdkman/candidates/java/current
PATH=/vscode/bin/linux-x64/7debcd0e2acdea1c52de81bf9ee1620444407dda/bin/remote-cli:/home/codespace/.local/bin:/usr/local/rubies/current/bin:/home/codespace/.dotnet:/home/codespace/nvm/current/bin:/home/codespace/.php/current/bin:/home/codespace/.python/current/bin:/home/codespace/java/current/bin:/home/codespace/.ruby/current/bin:/home/codespace/.local/bin:/usr/local/python/current/bin:/usr/local/py-utils/bin:/usr/local/jupyter:/usr/local/oryx:/usr/local/go/bin:/go/bin:/usr/local/sdkman/bin:/usr/local/sdkman/candidates/java/current/bin:/usr/local/sdkman/candidates/gradle/current/bin:/usr/local/sdkman/candidates/maven/current/bin:/usr/local/sdkman/candidates/ant/current/bin:/usr/local/share/rbenv/shims:/usr/local/share/rbenv/bin:/usr/local/rubies/current/bin:/usr/local/php/current/bin:/opt/conda/bin:/usr/local/share/nvm/versions/node/v24.20.0/bin:/usr/local/hugo/bin:/usr/local/sbin:/usr/local/bin:/usr/sbin:/usr/bin:/sbin:/bin:/usr/share/dotnet:/home/codespace/.dotnet/tools
SHELL=/bin/bash
LANG=C.UTF-8
TERM=xterm-256color

Active Locale:
LC_ALL=C.UTF-8
LC_COLLATE=C.UTF-8
LC_CTYPE=C.UTF-8
LC_MESSAGES=C.UTF-8
LC_MONETARY=C.UTF-8
LC_NUMERIC=C.UTF-8
LC_TIME=C.UTF-8

Signal Handlers:
   SIGSEGV: crash_handler in libjvm.so, mask=11100100010111111101111111111110, flags=SA_RESTART|SA_SIGINFO, unblocked
    SIGBUS: crash_handler in libjvm.so, mask=11100100010111111101111111111110, flags=SA_RESTART|SA_SIGINFO, unblocked
    SIGFPE: crash_handler in libjvm.so, mask=11100100010111111101111111111110, flags=SA_RESTART|SA_SIGINFO, unblocked
   SIGPIPE: javaSignalHandler in libjvm.so, mask=11100100010111111101111111111110, flags=SA_RESTART|SA_SIGINFO, unblocked
   SIGXFSZ: javaSignalHandler in libjvm.so, mask=11100100010111111101111111111110, flags=SA_RESTART|SA_SIGINFO, unblocked
    SIGILL: crash_handler in libjvm.so, mask=11100100010111111101111111111110, flags=SA_RESTART|SA_SIGINFO, unblocked
   SIGUSR2: SR_handler in libjvm.so, mask=00000000000000000000000000000000, flags=SA_RESTART|SA_SIGINFO, unblocked
    SIGHUP: UserHandler in libjvm.so, mask=11100100010111111101111111111110, flags=SA_RESTART|SA_SIGINFO, unblocked
    SIGINT: 0x000076d8afb649e0, mask=00000000000000000000000000000000, flags=SA_RESTART, unblocked
   SIGTERM: UserHandler in libjvm.so, mask=11100100010111111101111111111110, flags=SA_RESTART|SA_SIGINFO, unblocked
   SIGQUIT: SIG_DFL, mask=00000000000000000000000000000000, flags=none, blocked
   SIGTRAP: crash_handler in libjvm.so, mask=11100100010111111101111111111110, flags=SA_RESTART|SA_SIGINFO, unblocked


Compilation memory statistics disabled.

Periodic native trim disabled

---------------  S Y S T E M  ---------------

OS:
DISTRIB_ID=Ubuntu
DISTRIB_RELEASE=24.04
DISTRIB_CODENAME=noble
DISTRIB_DESCRIPTION="Ubuntu 24.04.4 LTS"
uname: Linux 6.8.0-1064-azure #72~22.04.1-Ubuntu SMP Wed Jul 22 23:39:45 UTC 2026 x86_64
OS uptime: 0 days 0:10 hours
libc: glibc 2.39 NPTL 2.39 
rlimit (soft/hard): STACK 8192k/infinity , CORE infinity/infinity , NPROC infinity/infinity , NOFILE 524288/524288 , AS infinity/infinity , CPU infinity/infinity , DATA infinity/infinity , FSIZE infinity/infinity , MEMLOCK 8192k/8192k
load average: 6.07 5.03 2.40

/proc/meminfo:
MemTotal:       16377432 kB
MemFree:          198728 kB
MemAvailable:    9611672 kB
Buffers:          260316 kB
Cached:          9154960 kB
SwapCached:            0 kB
Active:          9917704 kB
Inactive:        5530116 kB
Active(anon):    6104032 kB
Inactive(anon):        8 kB
Active(file):    3813672 kB
Inactive(file):  5530108 kB
Unevictable:       31088 kB
Mlocked:           28016 kB
SwapTotal:             0 kB
SwapFree:              0 kB
Zswap:                 0 kB
Zswapped:              0 kB
Dirty:              3140 kB
Writeback:             0 kB
AnonPages:       6063344 kB
Mapped:           767956 kB
Shmem:             62388 kB
KReclaimable:     415284 kB
Slab:             548304 kB
SReclaimable:     415284 kB
SUnreclaim:       133020 kB
KernelStack:       13908 kB
PageTables:        45252 kB
SecPageTables:         0 kB
NFS_Unstable:          0 kB
Bounce:                0 kB
WritebackTmp:          0 kB
CommitLimit:     8188716 kB
Committed_AS:   12795956 kB
VmallocTotal:   34359738367 kB
VmallocUsed:       46812 kB
VmallocChunk:          0 kB
Percpu:             2416 kB
HardwareCorrupted:     0 kB
AnonHugePages:         0 kB
ShmemHugePages:        0 kB
ShmemPmdMapped:        0 kB
FileHugePages:         0 kB
FilePmdMapped:         0 kB
Unaccepted:            0 kB
HugePages_Total:       0
HugePages_Free:        0
HugePages_Rsvd:        0
HugePages_Surp:        0
Hugepagesize:       2048 kB
Hugetlb:               0 kB
DirectMap4k:      196544 kB
DirectMap2M:    10289152 kB
DirectMap1G:     8388608 kB

/sys/kernel/mm/transparent_hugepage/enabled: always [madvise] never
/sys/kernel/mm/transparent_hugepage/hpage_pmd_size: 2097152
/sys/kernel/mm/transparent_hugepage/shmem_enabled: always within_size advise [never] deny force
/sys/kernel/mm/transparent_hugepage/defrag (defrag/compaction efforts parameter): always defer defer+madvise [madvise] never

Process Memory:
Virtual Size: 7943168K (peak: 7962028K)
Resident Set Size: 601644K (peak: 601644K) (anon: 569076K, file: 32568K, shmem: 0K)
Swapped out: 0K
C-Heap outstanding allocations: 87635K, retained: 84832K
glibc malloc tunables: (default)

/proc/sys/kernel/threads-max (system-wide limit on the number of threads): 127892
/proc/sys/vm/max_map_count (maximum number of memory map areas a process may have): 65530
/proc/sys/vm/swappiness (control to define how aggressively the kernel swaps out anonymous memory): 60
/proc/sys/kernel/pid_max (system-wide limit on number of process identifiers): 4194304

container information not found.
Hyper-V virtualization detected
Steal ticks since vm start: 0
Steal ticks percentage since vm start:  0.000

CPU: total 4 (initial active 4) (16 cores per cpu, 2 threads per core) family 25 model 1 stepping 1 microcode 0xffffffff, cx8, cmov, fxsr, ht, mmx, 3dnowpref, sse, sse2, sse3, ssse3, sse4a, sse4.1, sse4.2, popcnt, lzcnt, tsc, tscinvbit, avx, avx2, aes, erms, clmul, bmi1, bmi2, adx, sha, fma, vzeroupper, clflush, clflushopt, clwb, hv, rdtscp, rdpid, fsrm, f16c, cet_ss
CPU Model and flags from /proc/cpuinfo:
model name	: AMD EPYC 7763 64-Core Processor
flags		: fpu vme de pse tsc msr pae mce cx8 apic sep mtrr pge mca cmov pat pse36 clflush mmx fxsr sse sse2 ht syscall nx mmxext fxsr_opt pdpe1gb rdtscp lm constant_tsc rep_good nopl tsc_reliable nonstop_tsc cpuid extd_apicid aperfmperf tsc_known_freq pni pclmulqdq ssse3 fma cx16 pcid sse4_1 sse4_2 movbe popcnt aes xsave avx f16c rdrand hypervisor lahf_lm cmp_legacy svm cr8_legacy abm sse4a misalignsse 3dnowprefetch osvw topoext vmmcall fsgsbase bmi1 avx2 smep bmi2 erms invpcid rdseed adx smap clflushopt clwb sha_ni xsaveopt xsavec xgetbv1 xsaves user_shstk clzero xsaveerptr rdpru arat npt nrip_save tsc_scale vmcb_clean flushbyasid decodeassists pausefilter pfthreshold v_vmsave_vmload umip vaes vpclmulqdq rdpid fsrm

Online cpus: 0-3
Offline cpus: 
BIOS frequency limitation: <Not Available>
Frequency switch latency (ns): <Not Available>
Available cpu frequencies: <Not Available>
Current governor: <Not Available>
Core performance/turbo boost: <Not Available>

Memory: 4k page, physical 16377432k(9611672k free), swap 0k(0k free)
Page Sizes: 4k

vm_info: OpenJDK 64-Bit Server VM (25.0.4.1+1-LTS) for linux-amd64 JRE (25.0.4.1+1-LTS), built on 2026-08-12T18:37:14Z with gcc 11.3.0

END.
